:020000040800F2
:10000000B8200020E1010008FD3E00082F34000860
:10001000F93E00081B0A0008CB4A00080000000057
:10002000000000000000000000000000490100087E
:10003000150B0008000000008D010008694200084F
:10004000FB010008FB010008FB010008FB010008A0
:10005000FB010008FB010008FB010008FB01000890
:10006000FB010008FB010008FB010008FB01000880
:10007000FB010008FB010008CD0A0008DD0A0008AA
:10008000FB010008FB010008FB010008FB01000860
:10009000FB010008FB010008FB010008FB01000850
:1000A000FB010008FB010008FB010008FB01000840
:1000B000FB010008FB010008FB010008FB01000830
:1000C000FB010008FB010008FB010008FB01000820
:1000D000FB01000819460008FB010008FB010008AD
:1000E000FB010008FB010008FB010008FB01000800
:1000F000FB010008FB010008FB010008FB010008F0
:10010000FB010008FB010008FB010008FB010008DF
:10011000FB010008FB01000805430008FB01000883
:10012000FB010008FB010008FB010008FB010008BF
:10013000DFF810D000F03EFC00480047B99A0008F4
:10014000AFF30080B8200020224B19680868B0E89F
:10015000F00F80F30988BFF36F8F4FF0000080F33A
:1001600011884EF00D0E7047000000000648006830
:10017000006880F3088862B661B6BFF34F8FBFF3A3
:100180006F8F00DF00BF00BF08ED00E0EFF30980D4
:10019000BFF36F8F0F4B1A6820E9F00F106008B59E
:1001A0004FF0500080F31188BFF34F8FBFF36F8F74
:1001B0000BF00AFE4FF0000080F31188BDE8084004
:1001C00019680868B0E8F00F80F30988BFF36F8FF3
:1001D000704700BFA8000020EFF3058070470000C3
:1001E0000648804706480047FEE7FEE7FEE7FEE7D1
:1001F000FEE7FEE7FEE7FEE7FEE7FEE70343000853
:1002000031010008202A04DB203A21FA02F0002103
:10021000704721FA02F3D040C2F120029140084316
:100220001946704740EA01039B0703D009E008C95B
:10023000121F08C0042AFAD203E011F8013B00F8AB
:10024000013B521EF9D27047D2B201E000F8012BF7
:10025000491EFBD270470022F6E710B513460A4646
:1002600004461946FFF7F0FF204610BD10B50022E6
:1002700000E0521C835C8C5CA34201D1002BF8D1BE
:10028000D8B2E1B2401A10BDF0B480EA0102D40F36
:100290004200B2EB410F02D20246084611464A0024
:1002A00042D0C30DDDB2C1F3C752AD1A202D35DAED
:1002B000C1F3160141F4000204B15242C5F1200617
:1002C00002FA06F12A411044B3EBD05F23D0C4B147
:1002D000012DA0EBC35009DCF0BC4FF0004202EA54
:1002E000C352DBB200F5000000F01ABA400000F182
:1002F000807000EBC350A0F1807040EAD1704900DB
:1003000009E0490841EAC071A0EBC35000F50000C4
:10031000400800EBC350F0BC00F0F9B96142012283
:1003200002EB4101001BF6E7F0BC704781F0004191
:10033000AAE780F00040A7E730B480EA010202F0AB
:10034000004530F0004221F0004013D090B1C30DC1
:10035000D40DC2F31601C0F31600E41A41F40001F3
:1003600040F400027D34914201D3641C00E0490056
:10037000002C02DA30BC002070474FF4000000234C
:10038000914201D3891A034340084FEA4101F7D152
:1003900051B1914202D14FF0004105E002D24FF03D
:1003A000010101E06FF0010103EBC450284430BCAF
:1003B00000F0ADB92DE9FE4F81EA030404F00044DA
:1003C00021F0004100944FF0000B23F0004350EA6D
:1003D00001045ED052EA03045BD0C3F30A54C1F3B4
:1003E0000A552C44A4F2F3340194A0FB0254C1F347
:1003F000130141F48011C3F3130343F4801301FB91
:10040000024400FB034E840A970A44EA815447EAF7
:100410008357A4FB076802958D0A05FB07854FEA01
:10042000932C04FB0C542705029D4FEA065847EA1B
:100430001637B5EB08056EEB070C870E920E47EAF0
:10044000811742EA8312A7FB0201B6EB0B0164EBB2
:1004500000042B0D43EA0C335E1844EB1C50DA46C3
:100460005146E7FB0201C5F313044FEA0B3343EA9D
:1004700014534FEA0432019C43EA0603A4F10C042E
:100480000294009CCDE900B400F087F903B0BDE808
:10049000F08F00200146F9E72DE9F04D81EA0304D1
:1004A00004F0004B21F0004514464FF0000A23F001
:1004B000004150EA050220D054EA01021DD0C5F3E4
:1004C0000A570246C5F31303C1F31300C1F30A56DA
:1004D00040F4801543F48013A7EB0608101BD646A2
:1004E00008F2FD3873EB050002D308F1010801E0C2
:1004F00092185B41B8F1000F03DA00200146BDE815
:10050000F08D00204FF48011064684460EE0171B44
:1005100073EB050705D3121B63EB050306434CEA97
:10052000010C49084FEA300092185B4150EA01077C
:10053000EDD152EA030012D082EA040083EA0501F9
:10054000084305D0101BAB4106D20122002306E070
:1005500000224FF0004302E06FF0010253101AEB4B
:1005600006004CEB085110EB0A0041EB0B01BDE813
:10057000F04D00F003B9C10F80EAE0700844CA07EB
:100580009623002100F0CCB80EB5C10F80EAE070D0
:100590000844CA07002140F233438DE80E000A46A2
:1005A0000B4600F0FAF803B000BD0EB540F233413F
:1005B00002910021CDE900110A460B4600F0EDF84A
:1005C00003B000BD20F00040C10DC0F3160040F4A0
:1005D00000007F2901DA00207047962903DCC1F171
:1005E0009601C8407047963988407047C1F30A5257
:1005F00010B5C1F3130140F2FF3341F480119A4268
:1006000001DA002010BD40F233439A42A2F2334295
:1006100003DC5242FFF7F6FD10BD904010BD000014
:1006200030B5041E71F1000404DB4FF00044404279
:1006300064EB0101141E73F1000405DB1C464FF04E
:100640000043524263EB04038B4208BF824230BD39
:1006500030B5041E71F1000404DB4FF00044404249
:1006600064EB0101141E73F1000405DB1C464FF01E
:100670000043524263EB0403994208BF904230BDED
:1006800030B50B46014600202022012409E021FA62
:1006900002F59D4205D303FA02F5491B04FA02F55F
:1006A0002844151EA2F10102F1DC30BD2DE9F05FF6
:1006B0000546002092469B468846064681464024D1
:1006C0001BE02846414647462246FFF79BFD53461E
:1006D0005A46C01A914110D311461846224600F0DE
:1006E0007BF92D1A67EB01084F46224601200021B5
:1006F00000F072F917EB00094E41201EA4F101042D
:10070000DFDC484631462A464346BDE8F09F0029D3
:10071000A8BF7047401C490008BF20F00100704787
:1007200010B4B0FA80FC00FA0CF050EA010404BFE7
:1007300010BC704749B1CCF1200421FA04F411FA3D
:100740000CF118BF012121430843A3EB0C01CB1D81
:100750004FEA00614FEA102042BF002010BC7047F2
:1007600000EBC35010440029A4BF10BC7047401CCC
:10077000490008BF20F0010010BC704710B5141EDE
:1007800073F1000408DA401C41F1000192185B414A
:100790001A4301D120F0010010BD2DE9F04D924621
:1007A0009B4611B1B1FA81F202E0B0FA80F2203238
:1007B000904600F011F904460F4640EA0A0041EA6B
:1007C0000B0153465A46084313D0114653EA010021
:1007D00019D0C8F140025046FFF714FD05460E46F9
:1007E00050465946424600F0F7F8084305D001202C
:1007F00004E020463946BDE8F08D0020054346EA76
:10080000E0762C4337430A986305E40AA0EB08001E
:100810000022FD0A44EA47540A3002D5002001466E
:10082000E9E7010510196941DDE908450019694149
:10083000BDE8F04DA2E72DE9FE4F804681EA0300B6
:10084000C00F0C46009021F0004123F00045B8EBAA
:100850000200A94105D24046214690461C460B465F
:10086000024623F00040104347D0270DC7F30A008B
:10087000C3F30A510290401A019040286BDAC3F387
:10088000130040F4801B0098924620B10023D2EB65
:10089000030A63EB0B0B01985946C0F14002504626
:1008A00000F09AF806460D4650465946019A00F067
:1008B000A2F810EB08006141002487EA115284EA93
:1008C000E7731A4340D0009A62B3019A012A4FEAB3
:1008D000075215DC001B61EB02014FF0004202EAF7
:1008E0000752CDE90042001C41F5801132462B46EB
:1008F000FFF753FF03B0BDE8F08F40462146F9E70C
:10090000001B61EB0201001C41F5801300185B41E4
:100910002018A2F5001747EB030140EAD570B6197D
:100920006D4111E06D084FEA360645EAC0754FEAA1
:100930000752001B61EB0201001C41F580114908C0
:100940004FEA30000019514132462B4603B0BDE852
:10095000F04FFFF713BF0098012240000023D0EBB7
:10096000020263EBE073009821464FEAE074B8EBB3
:10097000000061EB0401E9E783F000435BE781F0ED
:10098000004158E7C1F30A52C1F3130140F2FF33AB
:1009900041F480119A4202DA00200146704740F289
:1009A00033439A42A2F2334202DC5242FFF72ABC9E
:1009B00000F012B8064C074D06E0E06840F0010375
:1009C00094E8070098471034AC42F6D3FFF7B4FB25
:1009D00094030108B4030108202A04DB203A00FA3A
:1009E00002F1002070479140C2F1200320FA03F386
:1009F000194390407047202A06DBCB17203A41FA72
:100A000002F043EAE07306E041FA02F3D040C2F19B
:100A10002002914008431946704700BFFEE7704727
:100A20002DE9F04109F0F2F8074600262448416814
:100A300000208847002841D021488489058C232C38
:100A400009DBD72C07DCB5F58E7F04DDB5F5C67F55
:100A500001DA012618E0EB2C0ADBB4F5D07F07DAC7
:100A6000B5F58E7F04DDB5F5C67F01DA02260BE011
:100A70005F2C09DBB4F5B27F06DAB5F5CA7F03DD7A
:100A8000B5F5017F00DA0326AEB10E480078864244
:100A900006D00C4806700C4807603046BDE8F0816F
:100AA00009480068381A502803D3074807603046C1
:100AB000F4E70020F2E70020024908700020EDE78B
:100AC000500000203C0000204000002010B50248EB
:100AD00000F076FA10BD00000003002010B50248B7
:100AE00000F06EFA10BD0000BC020020074800684C
:100AF00040F08070054908600548006840F001003A
:100B0000034908600020486070470000FCED00E0E9
:100B1000001000E0704772B600BFFEE770B50446F3
:100B2000B3F5804F13D1D1E9000540EA05108D6877
:100B300040EA05208D6928438D8940EA054054F834
:100B40002250064E3540284344F8220003E06FF05F
:100B5000704044F82200002070BD00000000F0CF7B
:100B600070B50246086852F8200020F001000E68B7
:100B700042F826008868082801D1402300E00023BD
:100B8000486818438E683043CE6830430E6930435E
:100B90004E693043CE6930430E6A30434E6A30436B
:100BA0008E6A3043CE6A30430E6B40EA0604886991
:100BB0000443486B0443074D45F4806545F4E02544
:100BC000086852F82000A84320430E6842F8260027
:100BD000002070BD7FFB080010B50346D1E900047A
:100BE00040EA04108C6840EA04208C8940EA0444FE
:100BF000088A401E44EA0054087D801E44EA0060D2
:100C00008C692043541C53F8244004F04044204392
:100C1000541C43F82400002010BD70B504460CB9E4
:100C2000012070BD94F8200010B9204600F0B0F803
:100C30002068006840F001002168086000F0DEFDD7
:100C400005460DE000F0DAFD401B0A2808D9606A6D
:100C500040F400306062052084F820000120E0E7C5
:100C60002068406800F001000028EBD02068006890
:100C700020F002002168086000F0C0FD05460DE08C
:100C800000F0BCFD401B0A2808D9606A40F400301F
:100C90006062052084F820000120C2E720684068D7
:100CA00000F002000028EBD1207E012806D1206848
:100CB000006840F080002168086005E02068006856
:100CC00020F0800021680860607E012806D120683D
:100CD000006840F040002168086005E02068006876
:100CE00020F0400021680860A07E012806D120681D
:100CF000006840F020002168086005E02068006876
:100D000020F0200021680860E07E012806D12068DC
:100D1000006820F010002168086005E02068006885
:100D200040F0100021680860207F012806D120686B
:100D3000006840F008002168086005E0206800684D
:100D400020F0080021680860607F012806D1206833
:100D5000006840F004002168086005E02068006831
:100D600020F0040021680860D4E9020108432169E9
:100D70000843616908436168491E08432168C861E6
:100D800000206062012084F82000002049E7000074
:100D900010B586B0044600200290039004900590A0
:100DA0001A49206888422ED100BF1948C06940F016
:100DB00000701749C8610846C06900F000700190D2
:100DC00000BF00BF00BF0846806940F00400886192
:100DD0000846806900F00400019000BF00BFC814FD
:100DE000029000200390049002A90A4800F058FBEA
:100DF0004FF480500290022003900320059002A936
:100E0000044800F04DFB06B010BD00000064004037
:100E1000001002400008014070B50446002594F817
:100E20002100022803D00420A0630125C1E020682E
:100E3000006820F00E00216808602068006820F03B
:100E40000100216808605C492068884252D95A49EB
:100E500078392068884201D1012047E05649643939
:100E60002068884201D1102040E053495039206861
:100E7000884201D1801539E04F493C3920688842C9
:100E800001D1801432E04C4928392068884202D1CF
:100E90004FF480302AE0484914392068884202D152
:100EA0004FF4801022E044492068884201D1400478
:100EB0001CE042492068884201D1012016E03F49E8
:100EC00014312068884201D110200FE03B492831BD
:100ED0002068884201D1801508E038493C312068FB
:100EE000884201D1801401E04FF480303349091F5A
:100EF000086051E0304978392068884201D10120EA
:100F000047E02D4964392068884201D1102040E033
:100F1000294950392068884201D1801539E0264995
:100F20003C392068884201D1801432E022492839B6
:100F30002068884202D14FF480302AE01E491439DB
:100F40002068884202D14FF4801022E01A492068BC
:100F5000884201D140041CE018492068884201D130
:100F6000012016E0154914312068884201D1102073
:100F70000FE0124928312068884201D1801508E02D
:100F80000E493C312068884201D1801401E04FF4C1
:100F90008030094980394860012084F8210000BF71
:100FA000002084F8200000BF606B10B12046616B08
:100FB0008847284670BD00008000024008040240B7
:100FC00070B50446E06B05682068066894F8401028
:100FD000042088402840002875D006F0040000282E
:100FE000FAD02068006800F0200028B92068006866
:100FF00020F0040021680860D5492068884254D94F
:10100000D34978392068884201D1042049E0D04989
:1010100064392068884201D1402042E0CC495039EF
:101020002068884201D100153BE0C9493C3920685D
:10103000884202D14FF4804033E0C5492839206806
:10104000884202D14FF480202BE0C1491439206836
:10105000884202D14FF4800023E0BD4920688842D5
:1010600001D1C0041DE0BB492068884201D10420A1
:1010700017E0B84914312068884201D1402010E0BF
:10108000B44928312068884201D1001509E0B149EE
:101090003C312068884202D14FF4804001E04FF497
:1010A0008020AC49091F086054E0A94978392068BC
:1010B000884201D104204AE0A54964392068884269
:1010C00002D1402043E04CE0A149503920688842D9
:1010D00001D100153BE09E493C392068884202D18D
:1010E0004FF4804033E09A4928392068884202D181
:1010F0004FF480202BE0964914392068884202D1B1
:101100004FF4800023E092492068884201D1C00456
:101110001DE090492068884201D1042017E08D49E4
:1011200014312068884201D1402010E089492831DB
:101130002068884201D1001509E086493C312068C9
:10114000884202D14FF4804001E04FF48020804972
:1011500080394860E06A002802D02046E16A88476A
:10116000F4E094F84010022088402840002871D014
:1011700006F002000028FAD02068006800F0200085
:1011800040B92068006820F00A002168086001204A
:1011900084F821006E492068884254D96C49783916
:1011A0002068884201D1022049E0694964392068F9
:1011B000884201D1202042E06549503920688842A8
:1011C00001D140153BE062493C392068884202D198
:1011D0004FF4005033E05E4928392068884202D13C
:1011E0004FF400302BE05A4914392068884202D16C
:1011F0004FF4001023E056492068884201D1800452
:101200001DE054492068884201D1022017E051496D
:1012100014312068884201D1202010E04D49283146
:101220002068884201D1401509E04A493C312068D4
:10123000884202D14FF4005001E04FF4003045499C
:10124000091F086054E0424978392068884202D179
:1012500002204AE057E03E4964392068884201D1C3
:10126000202042E03A4950392068884201D1401597
:101270003BE037493C392068884202D14FF40050A6
:1012800033E0334928392068884202D14FF40030D6
:101290002BE02F4914392068884202D14FF4001006
:1012A00023E02B492068884201D180041DE02949B0
:1012B0002068884201D1022017E0264914312068B5
:1012C000884201D1202010E022492831206888423C
:1012D00001D1401509E01F493C312068884202D104
:1012E0004FF4005001E04FF4003019498039486054
:1012F00000BF002084F8200000BFA06A30B3204661
:10130000A16A884722E094F84010082088402840CD
:10131000E0B106F00800C8B12068006820F00E00B7
:101320002168086094F8401001208840E16B486013
:101330000120A06384F8210000BF002084F8200071
:1013400000BF206B10B12046216B884770BD0000A4
:1013500080000240080402400146002209B9012031
:1013600070471E4B086898420BD21D4B0868C01A84
:101370001423B0FBF3F08000086419480838C863F0
:101380000AE0164B0868C01A1423B0FBF3F0800083
:10139000086412480838C863022081F821000868F0
:1013A000026843F6F0708243D1E901031843CB6829
:1013B00018430B6918434B6918438B691843CB6971
:1013C000184302430868026000208863012081F806
:1013D0002100002081F8200000BFC1E7080402407E
:1013E0000800024070B5044600F008FA064625469B
:1013F000681C10B104480078054400BF00F0FEF9F5
:10140000801BA842FAD370BDA000002000B585B0B3
:10141000002001900290039004901C48006808B1DD
:1014200005B000BD01201949086000BF1848406997
:1014300040F48070164948610846406900F48070A5
:10144000009000BF00BF41F2010001900220029015
:101450000320049001A90F4800F022F84FF6807095
:101460000190022002900320049001A90A4800F094
:1014700017F84CF233700190022002900320049080
:1014800001A9064800F00CF800BFC9E734000020AD
:1014900000100240002001400018014000140140EB
:1014A0002DE9F847024600239C467BE14FF00108F6
:1014B00008FA03F4D1F8008008EA0400A0427DD1C4
:1014C000DFF8F4A2D1F80480A8EB0A09D0453AD09D
:1014D00014DCB8F1030F50D009DCB8F1000F31D0A3
:1014E000B8F1010F1CD0B8F1020F49D120E0B8F1DA
:1014F000110F18D0B8F1120F42D11EE0B9F5881FB4
:1015000025D006DCB9F5803F20D0B9F5801F37D152
:101510001AE0B9F5001F18D0B9F5041F30D117E053
:10152000D1F80CC02DE0D1F80C8008F1040C28E0B3
:10153000D1F80C8008F1080C23E0D1F80C8008F1F8
:101540000C0C1EE000BF00BF00BF00BF00BF00BF0B
:10155000D1F80880B8F1000F02D14FF0040C0BE075
:10156000D1F80880B8F1010F03D14FF0080C1461D5
:1015700002E04FF0080C546103E04FF0000C00E073
:1015800000BF00BFFF2801D8904601E002F1040827
:101590004646FF2802D84FEA830803E0A3F1080873
:1015A0004FEA88084746D6F800804FF00F0909FA3D
:1015B00007F928EA09080CFA07F900E07AE048EA96
:1015C0000908C6F80080D1F8048008F08058B8F106
:1015D000805F6FD100BFDFF8E481D8F8188048F051
:1015E0000108DFF8D891C9F81880C846D8F81880E3
:1015F00008F00108CDF8008000BF00BF4FEAB938FD
:101600004FEA930958F829504FEA83784FEA18793E
:101610004FF00F0808FA09F825EA0805DFF8A0815D
:10162000424502D14FF0000824E0DFF8988142459E
:1016300002D14FF001081DE0DFF88C81424502D154
:101640004FF0020816E0DFF88481424502D14FF0E6
:1016500003080FE0DFF87881424502D14FF004081B
:1016600008E0DFF87081424502D14FF0050801E043
:101670004FF006084FEA83794FEA197908FA09F81A
:1016800048EA0505DFF850814FEA930948F82950E8
:10169000D1F8048008F48018B8F5801F0BD1DFF86A
:1016A0003C81D8F8008048EA0008DFF83091C9F89A
:1016B00000800AE075E0DFF82481D8F8008028EA8D
:1016C0000008DFF81891C9F80080D1F8048008F408
:1016D0000018B8F5001F0ED1DFF8008108F10408EA
:1016E000D8F8008048EA0008DFF8F09009F1040912
:1016F000C9F800800DE0DFF8E48008F10408D8F8AC
:10170000008028EA0008DFF8D49009F10409C9F83C
:101710000080D1F8048008F40038B8F5003F0ED1FD
:10172000DFF8B880A8F10408D8F8008048EA00087B
:10173000DFF8A890A9F10409C9F800800DE0DFF8EE
:101740009C80A8F10408D8F8008028EA0008DFF897
:101750008C90A9F10409C9F80080D1F8048008F43C
:101760008038B8F5803F0ED1DFF87080A8F1080806
:10177000D8F8008048EA0008DFF86090A9F108096D
:10178000C9F800800DE0DFF85480A8F10808D8F807
:10179000008028EA0008DFF84490A9F10809C9F898
:1017A00000805B1CD1F8008028FA03F8B8F1000F24
:1017B0007FF47CAEBDE8F8870000111000100240F5
:1017C00000080140000C01400010014000140140DD
:1017D00000180140001C01400800014008040140BD
:1017E000024693680B400BB1012000E000207047D7
:1017F0000AB1016101E00B04036170470148006810
:101800007047000098000020014691F83D007047A5
:1018100070B504460CB9012070BD94F83D0028B99C
:10182000002084F83C00204600F03EFB242084F891
:101830003D002068006820F00100216808602068F1
:10184000006840F40040216808602068006820F4C7
:1018500000402168086000F05BFD05465C49606857
:10186000884206D85B48854201D2012007E000206B
:1018700005E05948854201D2012000E000200128FE
:1018800000D1C9E75548B5FBF0F62068406820F064
:101890003F003043216848604D496068884201D864
:1018A000701C07E04FF4967070434FF47A71B0FBF0
:1018B000F1F0401C2168096A21F03F0108432168CA
:1018C000086243496068884214D8681E616849000C
:1018D000B0FBF1F0401CC0F30B00042801D204203F
:1018E0003DE0681E61684900B0FBF1F0401CC0F3A8
:1018F0000B0034E0A06838B9681E616801EB410153
:10190000B0FBF1F0401C0AE0681E616801EBC10207
:1019100002EB0111B0FBF1F0401C40F48040C0F339
:101920000B0008B901201AE0A06848B9681E616878
:1019300001EB4101B0FBF1F0401CC0F30B000CE0E7
:10194000681E616801EBC10202EB0111B0FBF1F00E
:10195000401CC0F30B0040F4804040F4004021687C
:10196000C9694CF6FF72914308432168C861D4E904
:10197000070108432168096821F0C0010843216874
:101980000860D4E9031008432168896848F2FF32EF
:101990009143084321688860D4E905010843216820
:1019A000C96821F0FF0108432168C8602068006809
:1019B00040F001002168086000202064202084F8A5
:1019C0003D000020206384F83E0000BF24E70000B3
:1019D000A086010080841E0000093D0040420F00E7
:1019E0002DE9FE4F04460F4690469946DDE90CABC3
:1019F0000E9E00200290FFF701FF054694F83D007F
:101A0000202872D119230122CA492046009501F0ED
:101A100082FE10B10220BDE8FE8F00BF94F83C00AA
:101A2000012801D10220F6E7012084F83C0000BF24
:101A30002068006800F0010028B92068006840F0C4
:101A40000100216808602068006820F400602168B7
:101A50000860222084F83D00402084F83E000020E9
:101A60002064C4F824A0A4F82AB0608D2085B24870
:101A7000E0624B46424639462046CDE9006501F01A
:101A8000F7FC08B10120C6E7208D88B900BF00200F
:101A9000019020684069019020688069019000BF32
:101AA00000BF2068006840F40070216808604BE0C7
:101AB000208D01281AD12068006820F480602168F8
:101AC000086072B600BF0020019020684069019054
:101AD00020688069019000BF00BF2068006840F462
:101AE00000702168086062B62EE020E1208D022897
:101AF00019D12068006840F400602168086072B65F
:101B000000BF002001902068406901902068806932
:101B1000019000BF00BF2068006820F48060216849
:101B2000086062B610E02068006840F480602168B8
:101B3000086000BF00200190206840690190206883
:101B40008069019000BF00BFE2E0208D03287DD8AE
:101B5000208D012815D12A463146204601F0B7FED6
:101B600008B1012057E720680069616A0870606A5F
:101B7000401C6062208D401E2085608D401E608567
:101B8000C6E0208D02282CD1334600226B49204626
:101B9000009501F0C0FD08B101203CE772B6206855
:101BA000006840F400702168086020680069616A7C
:101BB0000870606A401C6062208D401E2085608D28
:101BC000401E608562B620680069616A0870606ABC
:101BD000401C6062208D401E2085608D401E608507
:101BE00096E03346002255492046009501F093FDCA
:101BF00008B101200FE72068006820F480602168A8
:101C0000086072B620680069616A0870606A401CEA
:101C10006062208D401E2085608D401E6085484892
:101C200000681921B0FBF1F04FF47A71B0FBF1F0CC
:101C3000C0EBC00000EB8000029000BF0298401E85
:101C400002900298A8B90020206300E039E020202B
:101C500084F83D00002084F83E00206C40F0200015
:101C6000206462B600BF002084F83C0000BF012061
:101C7000D1E620684069C0F380000028DED02068EB
:101C8000006840F400702168086020680069616A9B
:101C90000870606A401C6062208D401E2085608D47
:101CA000401E608562B620680069616A0870606ADB
:101CB000401C6062208D401E2085608D401E608526
:101CC00026E02A463146204601F001FE08B10120F7
:101CD000A1E620680069616A0870606A401C606261
:101CE000208D401E2085608D401E608520684069E3
:101CF000C0F3800060B120680069616A0870606AA2
:101D0000401C6062208D401E2085608D401E6085D5
:101D1000208D00287FF419AF202084F83D0000209A
:101D200084F83E0000BF84F83C0000BF73E6022048
:101D300071E60000020010000000FFFF0400010037
:101D4000A40000202DE9FC5F04460F46904699460A
:101D5000DDE90CAB0E9EFFF751FD054694F83D0002
:101D600020287DD1192301224D492046009501F0FC
:101D7000D2FC10B10220BDE8FC9F00BF94F83C00EB
:101D8000012801D10220F6E7012084F83C0000BFC1
:101D90002068006800F0010028B92068006840F061
:101DA0000100216808602068006820F40060216854
:101DB0000860212084F83D00402084F83E00002087
:101DC0002064C4F824A0A4F82AB0608D208535488A
:101DD000E0624B46424639462046CDE9006501F0B7
:101DE000F7FB08B10120C6E731E02A46314620461C
:101DF00001F0B2FD50B1206C042805D120680068C4
:101E000040F40070216808600120B4E7606A00783F
:101E100021680861606A401C6062208D401E208538
:101E2000608D401E608520684069C0F3800070B1FD
:101E3000208D60B1606A007821680861606A401C8A
:101E40006062208D401E2085608D401E6085208D43
:101E50000028CAD12A463146204601F029FC00E07C
:101E60001CE050B1206C042805D12068006840F4C3
:101E700000702168086001207DE72068006840F458
:101E8000007021680860202084F83D00002084F85C
:101E90003E0000BF84F83C0000BF6CE702206AE708
:101EA000020010000000FFFF10B586B004460020BD
:101EB000029003900490059015492068884225D12E
:101EC00000BF1448806940F0080012498861084644
:101ED000806900F00800019000BF00BFC0200290A0
:101EE000122003900320059002A90B48FFF7D8FAAF
:101EF00000BF0848C06940F400100649C8610846A0
:101F0000C06900F40010019000BF00BF06B010BD12
:101F10000054004000100240000C014003480068DB
:101F20000349097808440149086070479800002077
:101F3000A000002010B50848006840F010000649D5
:101F40000860032000F0E2F80F2000F007F800F02E
:101F50005FF8002010BD0000002002402DE9F04194
:101F600088B004460027B846002600BF2348C06951
:101F700040F010002149C8610846C06900F0100017
:101F8000019000BF00BF02A903A800F099F9069FC5
:101F90001FB900F0BDF9054602E000F0B9F94500AF
:101FA0001748B5FBF0F0A0F1010816481649086083
:101FB00040F2E7311448C160C0F80480002101619B
:101FC0008160816100F0F0FC064696B90E4800F091
:101FD00049FD06466EB9362000F04AF8102C07D2AB
:101FE00000222146362000F053F80848046000E043
:101FF0000126304608B0BDE8F08100000010024024
:1020000040420F0000100040440300209C000020CC
:1020100008B500BF1448806940F00100124988618A
:102020000846806900F00100009000BF00BF00BFBB
:102030000846C06940F08050C8610846C06900F099
:102040008050009000BF00BF00220F21901E00F0C2
:102050001FF800BF0549486820F0E06040F00070BC
:10206000486000BF08BD00000010024000000140B1
:1020700001460846002809DB00F01F0301229A40B0
:1020800043099B0003F1E023C3F8002100BF704720
:102090002DE9F05F80460D461646002702F03CFD14
:1020A000074639462A46334601F00700C0F1070AC1
:1020B000BAF1040F02D94FF0040A01E0C0F1070A97
:1020C000D14600F1040ABAF1070F02D24FF0000A1C
:1020D00001E0A0F1030AD4464FF0010A0AFA09FA16
:1020E000AAF1010A0AEA020A0AFA0CFA4FF0010BF5
:1020F0000BFA0CFBABF1010B0BEA030B4AEA0B04E6
:102100002146404602F010FDBDE8F09F00BF00F000
:102110000702064B19684FF6FF031940044B0B43A7
:1021200043EA0221014B196000BF70470CED00E04B
:102130000000FA0570B504460D460CB9012070BDCB
:102140005A48006800F00700A8420ED257480068BD
:1021500020F007002843554908600846006800F051
:102160000700A84201D00120E9E7207800F0020032
:1021700002281DD1207800F00400042805D14C4825
:10218000406840F4E0604A494860207800F0080068
:10219000082805D14648406840F4605044494860EA
:1021A0004348406820F0F000A16808434049486077
:1021B000207800F0010078B36068012806D13C481F
:1021C000006800F4003090B90120B8E76068022888
:1021D00006D13748006800F0007040B90120AEE732
:1021E0003348006800F0020008B90120A7E7304832
:1021F000406820F00300616808432D494860FFF7FC
:10220000FDFA064609E0FFF7F9FA801B41F2883132
:10221000884202D9032092E707E02548406800F091
:102220000C006168B0EB810FEDD12048006800F030
:102230000700A8420ED91D48006820F00700284377
:102240001A4908600846006800F00700A84201D05B
:10225000012074E7207800F00400042807D1144816
:10226000406820F4E060E168084311494860207844
:1022700000F00800082808D10D48406820F460509C
:10228000216940EAC1000A49486000F061F8084944
:102290004968C1F30311074A515CC8400649086008
:1022A00006480068FFF75AFE002048E70020024079
:1022B0000010024076020108A40000209C000020CB
:1022C0000F2202600D4A526802F0030242600B4A7C
:1022D000526802F0F0028260084A526802F4E0623A
:1022E000C260064A526802F46052D2080261044A8F
:1022F000126802F007020A607047000000100240F6
:10230000002002400148006870470000A40000203F
:1023100000B5FFF7F7FF04494968C1F30221034AFA
:10232000515CC84000BD0000001002408602010858
:1023300000B5FFF7E7FF04494968C1F3C221034A2A
:10234000515CC84000BD0000001002408602010838
:1023500070B500210022002400230020134D69687D
:1023600001F00C05F5B1042D02D0082D19D101E0C2
:102370000F4819E00F4DC1F38346AB5D01F4803582
:1023800055B10A4D6D68C5F340450B4E725D084D61
:102390005D43B5FBF2F402E0084D03FB05F4204673
:1023A00002E000BF024800BF00BF70BD0010024045
:1023B00000127A00640201087402010800093D005D
:1023C000F8B504460CB90120F8BD207800F00100F2
:1023D000002878D0F848406800F00C0004280CD0A1
:1023E000F548406800F00C00082811D1F248406818
:1023F00000F48030B0F5803F0AD1EF48006800F467
:10240000003000285FD0606800285CD10120DBE745
:1024100000BF6068B0F5803F06D1E748006840F42F
:102420008030E549086028E0606858B9E2480068F3
:1024300020F48030E04908600846006820F48020DD
:1024400008601AE06068B0F5A02F0BD1DA48006888
:1024500040F48020D84908600846006840F4803085
:1024600008600AE0D448006820F48030D24908604F
:102470000846006820F48020086000BF606888B1CA
:10248000FFF7BCF9054606E0FFF7B8F9401B6428E2
:1024900001D9032098E7C848006800F400300028FC
:1024A000F2D010E0FFF7AAF9054606E0FFF7A6F91B
:1024B000401B642801D9032086E7BF48006800F468
:1024C00000300028F2D1207800F00200022857D115
:1024D000B948406800F00C0050B1B748406800F0BF
:1024E0000C00082818D1B448406800F4803098B92E
:1024F000B148006800F0020020B12069012801D035
:10250000012061E7AC48006820F0F800616940EA0A
:10251000C100A949086033E02069E8B10120A7495A
:102520000860FFF76BF9054606E0FFF767F9401B07
:10253000022801D9032047E79F48006800F0020005
:102540000028F2D09C48006820F0F800616940EA59
:10255000C1009949086013E0002098490860FFF71E
:102560004DF9054606E0FFF749F9401B022801D95D
:10257000032029E79048006800F002000028F2D10B
:10258000207800F0080008282DD1A069B8B10120FA
:102590008B490860FFF732F9054606E0FFF72EF990
:1025A000401B022801D903200EE78348406A00F04F
:1025B00002000028F2D0012001F0A2FC13E000206C
:1025C0007F490860FFF71AF9054606E0FFF716F99C
:1025D000401B022801D90320F6E67748406A00F044
:1025E00002000028F2D1207800F00400042873D102
:1025F00000277148C06900F0805070B900BF6E4874
:10260000C06940F080506C49C8610846C06900F05C
:102610008050009000BF00BF01276A48006800F4A6
:102620008070B0B96748006840F480706549086000
:10263000FFF7E4F8054606E0FFF7E0F8401B6428E2
:1026400001D90320C0E65F48006800F480700028CC
:10265000F2D000BFE068012806D15748006A40F078
:1026600001005549086227E0E06858B95248006AFD
:1026700020F00100504908620846006A20F004007A
:10268000086219E0E06805280BD14B48006A40F069
:102690000400494908620846006A40F001000862E7
:1026A0000AE04548006A20F00100434908620846F4
:1026B000006A20F00400086200BFE068A0B1FFF7E4
:1026C0009DF8054609E0FFF799F8401B41F2883173
:1026D000884202D9032077E622E03748006A00F0FA
:1026E00002000028EFD012E0FFF788F8054608E066
:1026F000FFF784F8401B41F28831884201D903205A
:1027000062E62D48006A00F002000028F0D1012F97
:1027100005D12948C06920F080502749C86100BF11
:10272000E069C8B32448406800F00C00082860D075
:10273000E069022848D1002020490866FFF75EF8CA
:10274000054606E0FFF75AF8401B022801D903208E
:102750003AE61948006800F000700028F2D1206ABB
:10276000B0F5803F07D11448406820F40030A168DC
:10277000084311494860D4E9080108430E494968F3
:1027800021F4741108430C49486001200B49086684
:10279000FFF734F8054607E03DE0FFF72FF8401B50
:1027A000022801D903200FE60348006800F00070FA
:1027B0000028F2D02FE0000000100240000042424A
:1027C0008004424200700040002014490866FFF770
:1027D00015F8054606E0FFF711F8401B022801D95D
:1027E0000320F1E50E48006800F000700028F2D1E7
:1027F00011E0E069012800D1E6E50948466806F4E1
:102800008031206A814204D106F47011606A8142ED
:1028100001D00120D8E50020D6E5000000004242AA
:102820000010024070B504460E4615461CB1A06962
:10283000B0F5807F01D1012070BD94F8410028B926
:10284000002084F84000204600F01FF804F1080141
:102850002068FEF785F93146A2682068FEF7BCF9CA
:102860002946236BD4E90102FEF758F9A1682068D4
:1028700050F8210040F00100A268216841F82200D0
:10288000012084F841000020D6E710B50446FEF789
:10289000BDFD10BD7047704710B50346002200BF54
:1028A00093F83C00012801D1022010BD012083F8DB
:1028B0003C0000BF22F0FF00CC6840EA040222F492
:1028C00040708C6840EA040222F480604C6840EA60
:1028D000040222F400600C6840EA040222F48050F2
:1028E0000C6940EA040222F400504C6940EA0402F8
:1028F00022F48040CC6940EA04021868426400BFB8
:10290000002083F83C0000BF00BFCEE730B5024690
:102910000B4600BF92F83C00012801D1022030BDD7
:10292000012082F83C0000BF022082F83D001068C0
:1029300044681068816824F07004186804431068C3
:102940004460144D1068A84213D0134D1068A8427B
:102950000FD01068B0F1804F0BD0104D1068A84216
:1029600007D00F4D1068A84203D00E4D1068A84242
:1029700005D121F080015868014310688160012071
:1029800082F83D0000BF002082F83C0000BF00BF7D
:10299000C5E70000002C0140003401400004004065
:1029A00000080040000C004010B504460CB901209E
:1029B00010BD94F83D0028B9002084F83C00204662
:1029C00000F026F8022084F83D00211D206801F067
:1029D000A1FC012084F8460000BF84F83E000121DC
:1029E0003F200155402001554120015500BF00BF47
:1029F000012084F842004320015544200155452020
:102A0000015500BF012084F83D000020D0E7000000
:102A100008B50168B1F1804F0DD100BF0F49C969F8
:102A200041F001010D4AD1611146C96901F001016E
:102A3000009100BF11E00A4A016891420DD100BF28
:102A40000649896941F40051044A91611146896936
:102A500001F40051009100BF00BF08BD001002400A
:102A600000340140014691F83D00012801D00120C9
:102A70007047022081F83D000868C06840F00100FE
:102A80000B68D860164B0868984213D0154B08683D
:102A900098420FD00868B0F1804F0BD0124B0868F5
:102AA000984207D0114B0868984203D0104B086831
:102AB00098420CD10868806800F00702062A0CD002
:102AC0000868006840F001000B68186005E00868BD
:102AD000006840F001000B6818600020C8E70000A3
:102AE000002C014000340140000400400008004078
:102AF000000C00402DE9F04104460D46002700BFC0
:102B000094F83C00012802D10220BDE8F0810120A8
:102B100084F83C0000BF022084F83D0020688668ED
:102B200026F0770626F47F462068866028685028BD
:102B300033D00CDC202850D004DC00284BD01028E7
:102B400051D149E0302849D040284CD139E06028A3
:102B50002DD0702807D0B0F5805F03D0B0F5005FAE
:102B600041D10DE041E0D5E902136A68206801F027
:102B700030FC2068866846F077062068866034E07E
:102B8000D5E902136A68206801F023FC2068806898
:102B900040F480402168886027E0EA68696820681E
:102BA00001F008FD5021206801F01EFC1DE0EA68DC
:102BB0006968206801F011FD6021206801F014FCB3
:102BC00013E0EA686968206801F0F4FC402120689D
:102BD00001F00AFC09E000BF00BF00BF29682068BF
:102BE00001F002FC01E0012700BF00BF012084F8D2
:102BF0003D0000BF002084F83C0000BF384684E759
:102C0000704710B5044620680069C0F34000D8B191
:102C10002068C068C0F34000B0B16FF002002168C6
:102C20000861012020772068806900F0030018B156
:102C30002046FFF7E5FF05E0204600F0D9F82046E2
:102C400000F08DF90020207720680069C0F3800033
:102C5000D8B12068C068C0F38000B0B16FF0040044
:102C600021680861022020772068806900F44070A4
:102C700018B12046FFF7C4FF05E0204600F0B8F881
:102C8000204600F06CF90020207720680069C0F32E
:102C9000C000D8B12068C068C0F3C000B0B16FF008
:102CA000080021680861042020772068C06900F0CE
:102CB000030018B12046FFF7A3FF05E0204600F00F
:102CC00097F8204600F04BF9002020772068006933
:102CD000C0F30010D8B12068C068C0F30010B0B1D4
:102CE0006FF0100021680861082020772068C06913
:102CF00000F4407018B12046FFF782FF05E020463F
:102D000000F076F8204600F02AF9002020772068AD
:102D1000006900F0010058B12068C06800F00100AF
:102D200030B16FF0010021680861204600F092F98F
:102D300020680069C0F3C01058B12068C068C0F3B3
:102D4000C01030B16FF08000216808612046FFF7A5
:102D5000A1FD20680069C0F3801058B12068C068E8
:102D6000C0F3801030B16FF0400021680861204648
:102D700000F07CF920680069C0F3401058B1206869
:102D8000C068C0F3401030B16FF0200021680861C6
:102D90002046FFF780FD10BD10B586B00446002028
:102DA00002900390049005900E492068884216D145
:102DB00000BF0D48806940F010000B49886108464B
:102DC000806900F01000019000BF00BF4020029019
:102DD00002200390059002A90448FEF761FB06B0AB
:102DE00010BD0000003401400010024000100140FE
:102DF00070472DE9F04104460D461646002700BFF6
:102E000094F83C00012802D10220BDE8F0810120A5
:102E100084F83C0000BF36B1042E1BD0082E31D000
:102E20000C2E5ED145E02946206801F0E7FA2068C3
:102E3000806940F00800216888612068806920F07E
:102E40000400216888612068806929690843216835
:102E5000886148E02946206801F008FB2068806905
:102E600040F40060216888612068806920F48060F7
:102E70002168886120688069296940EA0120216809
:102E8000886130E02946206801F02EFB2068C06987
:102E900040F008002168C8612068C06920F0040083
:102EA0002168C8612068C069296908432168C86130
:102EB00019E02946206801F053FB2068C06940F4FE
:102EC00000602168C8612068C06920F480602168C2
:102ED000C8612068C069296940EA01202168C86189
:102EE00001E0012700BF00BF00BF002084F83C00C4
:102EF00000BF384689E710B504460CB9012010BD63
:102F000094F83D0028B9002084F83C00204600F0E9
:102F100025F8022084F83D00211D206801F0FAF90F
:102F2000012084F8460000BF84F83E0001213F20C4
:102F30000155402001554120015500BF00BF01202F
:102F400084F8420043200155442001554520015595
:102F500000BF012084F83D000020D0E77047704793
:102F600070B504460D4615B994F83E000BE0042DEB
:102F700002D13F20005D06E0082D02D14020005D17
:102F800001E04120005D012801D0012070BD1DB984
:102F9000022084F83E000EE0042D03D102213F20E0
:102FA000015508E0082D03D102214020015502E01F
:102FB00002214120015501222946206801F0F8F93B
:102FC0001F492068884203D01E492068884201D1E9
:102FD000012000E0002028B12068406C40F400404F
:102FE0002168486416492068884213D01549206832
:102FF00088420FD02068B0F1804F0BD01249206872
:10300000884207D011492068884203D010492068BF
:1030100088420CD12068806800F00706062E0CD08C
:103020002068006840F001002168086005E0206821
:10303000006840F00100216808600020A6E7000059
:10304000002C014000340140000400400008004012
:10305000000C004010B5044603492068884201D1A5
:10306000FEF75CFF10BD0000001000407047704785
:103070002DE9F0470446206805682068C668206886
:1030800047694FF00008C14605F00F08B8F1000F7E
:1030900012D105F0200078B106F0200060B194F85C
:1030A0003D00222803D1204601F0EEFA02E020463E
:1030B00001F01CFCBDE8F087B8F1000F7AD007F0F2
:1030C000010018B906F49070002873D005F00100D3
:1030D00030B106F4807018B1206C40F0010020641B
:1030E00005F0040030B107F0010018B1206C40F089
:1030F0000200206405F0020030B107F0010018B1B1
:10310000206C40F00400206405F0080048B106F08F
:10311000200010B907F0010018B1206C40F0080041
:103120002064206C002844D005F0200068B106F02F
:10313000200050B194F83D00222803D1204601F030
:10314000A3FA02E0204601F0D1FB20684069C0F3F9
:103150008019206C00F0080010B9B9F1000F23D0DD
:10316000204601F06BFA2068406900F04000B8B1D9
:103170002068406920F0400021684861A06B50B190
:103180001B48A16B4863A06BFDF746FE88B1A06B9E
:10319000416B88470DE02046FFF769FF09E009E031
:1031A0002046FFF764FF04E02046FFF760FF0020A1
:1031B00020647FE705F0800070B106F0800058B110
:1031C00094F83D00122803D1204601F00EFC02E0E5
:1031D000204601F08BFB6DE705F0400030B106F0B2
:1031E000400018B1204601F039FA63E700BF61E7FB
:1031F0002946000810B504460CB9012010BD94F80A
:103200003D0028B9002084F83C00204600F020F85A
:10321000022084F83D00204601F08AFA2068006907
:1032200020F48040216808612068406920F02A006D
:10323000216848612068C06840F400502168C86077
:1032400000202064012084F83D000020D6E7000023
:1032500010B586B0044600200290039004900590BB
:103260003849206888426AD100BF3748806940F4F5
:103270008040354988610846806900F480400190AB
:1032800000BF00BF00BF0846806940F004008861AD
:103290000846806900F00400019000BF00BF4FF4B1
:1032A00040700290022003900320059002A9274855
:1032B000FEF7F6F84FF4806002900020039004902F
:1032C00002A92248FEF7ECF82148224908600020B4
:1032D000486000211F4881608021C1600021016198
:1032E00041618161C161FEF737F808B1FDF713FC58
:1032F00000BF1848A063446200BF1548143816493F
:103300000860102048600021134881608021C1605E
:103310000021016141618161C161FEF71DF808B1C1
:10332000FDF7F9FB00BF0C486063446200BF002258
:1033300005212520FEF7ACFE2520FEF799FE06B0FC
:1033400010BD00000038014000100240000801409C
:1033500058000240BC0200200003002070472DE905
:10336000F84F04460E461746994694F83D0001284A
:1033700059D106B117B90120BDE8F88F00BF94F804
:103380003C00012801D10220F6E7012084F83C002E
:1033900000BF00202064122084F83D00FEF72EFAC2
:1033A000824627856785A068B0F5805F04D12069D3
:1033B00010B90025B04602E035464FF000081BE08A
:1033C0005346002280212046CDF8009001F03DFBBD
:1033D00008B10320D0E745B9B8F80000C0F30800F1
:1033E0002168486008F1020803E0287821684860F5
:1033F0006D1C608D401E6085608D0028E0D15346B5
:10340000002240212046CDF8009001F01EFB08B1BB
:103410000320B1E7012084F83D0000BF002084F8BC
:103420003C0000BFA8E70220A6E77047704700BF36
:10343000FEE7014608684069C0F38020B0B16FF430
:1034400080600A68506100200863202081F83D00F8
:10345000002081F83E00086C40F00400086400BFC2
:10346000002081F83C0000BF012070470020FCE7ED
:103470002DE9F84304460F4615469946DDE90886CE
:103480002068006840F48060216808602068006857
:1034900040F4807021680860434600224FF001111B
:1034A0002046009600F037F960B12068006800F40B
:1034B0008070B0F5807F02D14FF40070206403204B
:1034C000BDE8F88307F0FE002168086133464246F4
:1034D0003E49204600F07EF908B10120F0E700BF28
:1034E000002000902068406900902068806900906A
:1034F00000BF00BF32464146204600F02DFA50B1D1
:10350000206C042805D12068006840F40070216810
:1035100008600120D4E7B9F1010F03D1E8B22168B6
:10352000086117E0C5F3072021680861324641466B
:10353000204600F011FA50B1206C042805D1206813
:10354000006840F40070216808600120B8E7E8B224
:103550002168086132464146204600F0FDF950B12D
:10356000206C042805D12068006840F400702168B0
:1035700008600120A4E72068006840F4807021689A
:103580000860434600224FF001112046009600F0EB
:10359000C2F858B12068006800F48070B0F5807FF0
:1035A00002D14FF400702064032089E7F8B240F0A4
:1035B000010021680861334642460449204600F074
:1035C00009F908B101207BE7002079E7020001003A
:1035D0002DE9F8430446884615469946DDE9086713
:1035E0002068006840F4807021680860334600223B
:1035F0004FF001112046009700F08DF860B120686F
:10360000006800F48070B0F5807F02D14FF4007044
:1036100020640320BDE8F88308F0FE0021680861FB
:103620003B4632462149204600F0D4F808B101203B
:10363000F0E700BF002000902068406900902068FB
:103640008069009000BF00BF3A463146204600F036
:1036500083F950B1206C042805D12068006840F43B
:103660000070216808600120D4E7B9F1010F03D18F
:10367000E8B22168086117E0C5F3072021680861F6
:103680003A463146204600F067F950B1206C0428D4
:1036900005D12068006840F40070216808600120AE
:1036A000B8E7E8B2216808610020B3E70200010032
:1036B00070B504460D46164625E02046FFF7B9FED4
:1036C00008B1012070BD681CE8B1FEF797F8801BB7
:1036D000A84200D8BDB920684069C0F3800090B905
:1036E00000202063202084F83D00002084F83E0064
:1036F000206C40F02000206400BF002084F83C00D3
:1037000000BF0120DEE720684069C0F38000002888
:10371000D3D00020D6E72DE9F04104460D461746E8
:103720001E46DDF8188038E0701CA8B3FEF766F876
:10373000A0EB0800B04200D876BBC5F307400128D3
:103740000AD120684069A9B20840A9B2884201D1D3
:1037500001200BE0002009E020688069A9B2084040
:10376000A9B2884201D1012000E00020B84214D162
:1037700000202063202084F83D00002084F83E00D3
:10378000206C40F02000206400BF002084F83C0042
:1037900000BF0120BDE8F081FFE7C5F30740012825
:1037A0000AD120684069A9B20840A9B2884201D173
:1037B00001200BE0002009E020688069A9B20840E0
:1037C000A9B2884201D1012000E00020B842ABD06C
:1037D0000020DFE72DE9F04104460D4616461F465E
:1037E00058E020684069C0F38020E8B12068006894
:1037F00040F40070216808606FF4806021684861BF
:1038000000202063202084F83D00002084F83E0042
:10381000206C40F00400206400BF002084F83C00CD
:1038200000BF0120BDE8F081701C90B3FDF7E6FFFA
:10383000C01BB04200D866BBC5F3074001280AD1BF
:1038400020684069A9B20840A9B2884201D101208C
:103850000BE0002009E020688069A9B20840A9B205
:10386000884201D1012000E0002090B900202063AF
:10387000202084F83D00002084F83E00206C40F0B9
:103880002000206400BF002084F83C0000BF01201D
:10389000C8E7FFE7C5F3074001280AD1206840695F
:1038A000A9B20840A9B2884201D101200BE0002052
:1038B00009E020688069A9B20840A9B2884201D114
:1038C000012000E0002000288BD00020AAE770B57E
:1038D00004460D46164637E020684069C0F30010E4
:1038E000A0B16FF010002168486100202063202003
:1038F00084F83D00002084F83E00206C206400BF66
:10390000002084F83C0000BF012070BDFDF776FF69
:10391000801BA84200D8BDB920684069C0F3801060
:1039200090B900202063202084F83D00002084F816
:103930003E00206C40F02000206400BF002084F88E
:103940003C0000BF0120E0E720684069C0F3801020
:103950000028C1D00020D8E770B504460D461646B1
:1039600025E02046FFF765FD08B1012070BD681C09
:10397000E8B1FDF743FF801BA84200D8BDB920681D
:103980004069C0F3C01090B900202063202084F863
:103990003D00002084F83E00206C40F020002064B0
:1039A00000BF002084F83C0000BF0120DEE7206853
:1039B0004069C0F3C0100028D3D00020D6E7000033
:1039C00010B50D480D4908601020486000210B48D3
:1039D0008160C1604FF4C021016100214161017625
:1039E00041768176C17601774177FDF716F908B106
:1039F000FDF791F810BD0000006400402401002094
:103A000008B500BF0E48406940F001000C4948610C
:103A10000846406900F00100009000BF00BF00228E
:103A200005210E20FEF734FB0E20FEF721FB0022BD
:103A300005210F20FEF72CFB0F20FEF719FB08BD18
:103A40000010024010B5214806F098F9204908609E
:103A5000204806F093F920490860204A00210120FF
:103A600006F0F4F91E4908601E4A0221084606F0D5
:103A7000EDF91D4908601D4B002201211C4806F08C
:103A8000C9FA1C4908601C4A0221102006F01AF9E4
:103A90001A4908601A4A00211A4806F04DFA1A49D4
:103AA00008601A4A00211A4806F046FA19490860C7
:103AB000194A0021194806F03FFA194908601948C7
:103AC00006F074F81849086010BD000054CE0008D4
:103AD0002000002064CE00082400002074CE0008DE
:103AE0002800002084CE00082C00002044CE0008CE
:103AF0001F0A00081C0000202CCE0008180000201F
:103B0000C0CD0008293F00080C000020E4CD0008CB
:103B10000D4000081000002008CE0008713F00088A
:103B20001400002094CE00083000002000B58FB0B3
:103B30001C2108A8FCF78FFB1C2101A8FCF78BFBBC
:103B40004FF02040234908602348486006208860E1
:103B500000212048C1600161102141610021816183
:103B6000C161016241624FF4805181620021C162F2
:103B70004FF480410163002141638163022008907A
:103B80000F20099010200A9000200B9010200C901C
:103B900011200D9000200E90042001900F20029023
:103BA0000920039000200490102005901120069019
:103BB0000020079001AA08A90648FEF733FE08B1C5
:103BC000FCF7A9FF0548C06940F480600349C8615B
:103BD0000FB000BD4C010020040100A00000014016
:103BE00000B585B00020019002900390049000BFC2
:103BF0005148806940F040004F498861084680691B
:103C000000F04000009000BF00BF00BF0846806980
:103C100040F0040088610846806900F004000090CC
:103C200000BF00BF00BF0846806940F008008861FF
:103C30000846806900F00800009000BF00BF00BF88
:103C40000846806940F4807088610846806900F405
:103C50008070009000BF00BF00BF0846806940F040
:103C6000200088610846806900F02000009000BFB5
:103C700000BF00BF0846806940F010008861084618
:103C8000806900F01000009000BF00BF00222021DA
:103C90002A48FDF7ADFD002240F201112848FDF74A
:103CA000A7FD012220212648FDF7A2FD1820019042
:103CB000002002900120039001A92048FDF7F0FBAD
:103CC0002020019001200290002003900120049008
:103CD00001A91A48FDF7E4FB0120019000200290A1
:103CE0000220039001A91748FDF7DAFB012001909B
:103CF000029002200390049001A91148FDF7D0FB27
:103D000020200190012002900020039001200490C7
:103D100001A90B48FDF7C4FB4FF48070019001200E
:103D20000290002003900220049001A90448FDF7AE
:103D3000B7FB05B000BD00000010024000180140B4
:103D4000000C01400008014010B50B480B49086009
:103D50000B484860002109488160C1604FF48041F0
:103D60000161002141618161C1610162FDF750FD86
:103D700008B1FCF7D0FE10BD0054004094010020B3
:103D8000A086010000B587B0002003900490059044
:103D90000690019002904FF0804013490860472040
:103DA00048600021104881606321C16000210161E9
:103DB0008161FEF7F9FD08B1FCF7ADFE4FF48050CC
:103DC000039003A90848FEF795FE08B1FCF7A3FE8F
:103DD00000200190029001A90348FEF797FD08B169
:103DE000FCF799FE07B000BDE801002000B595B0D2
:103DF000002011901290139014900F9010901C219D
:103E000008A8FCF728FA20216846FCF724FA2A487B
:103E10002A490860232048600021284881606321E6
:103E2000C1600021016141618161FEF7BDFD08B102
:103E3000FCF771FE4FF48050119011A91F48FEF756
:103E400059FE08B1FCF767FE1C48FFF754F808B1AB
:103E5000FCF761FE00200F9010900FA91748FEF7A5
:103E600055FD08B1FCF757FE60200890002009902E
:103E70000A900B900C900D900E90002208A90F480C
:103E8000FEF7B7FF08B1FCF746FE00200090019056
:103E90000290039004904FF400500590002007908A
:103EA00069460648FEF7F8FC08B1FCF734FE034803
:103EB000FEF772FF15B000BD003401403002002053
:103EC00010B50B480B4908604FF4E1304860002101
:103ED00008488160C16001610C214161002181615C
:103EE000C1610162FFF786F908B1FCF714FE10BD4D
:103EF000003801407802002000BFFEE700BFFEE767
:103F000008B508490968C9084FF47A72B1FBF2F1A3
:103F10004143009100BF00BF00994A1E0092002952
:103F2000F9D108BDA400002000BF0CA000F0D0FD16
:103F3000002220210D48FDF75BFC4FF47A7005F05C
:103F400019FE012220210948FDF752FC4FF47A7036
:103F500005F010FE012005F00DFEE6E74465666100
:103F6000756C745461736B0A00000000000C014012
:103F70001CB500BFC82005F0FDFD012002F0FCF8D3
:103F80000446002C3CD0012C04D0022C0CD0032C75
:103F900018D113E01B480088642804DA1948008807
:103FA000401C184908800DE016480088002804DDF0
:103FB00014480088401E1349088003E0002011497E
:103FC000088000BF00BF0F4800880F490968486398
:103FD0004FF6FF70E6234FF4AF72C82100904FF404
:103FE0008C7004F001FF4FF4784018210323CDE9D1
:103FF000001004480288C8214FF48C7005F004FCBE
:10400000B8E7000008000020300200200EB54FF68F
:10401000FF7002F00BF94FF4784064231A46002138
:104020000090084604F0E0FE4FF4FC6064234FF477
:10403000F072002100904FF4BE7004F0D5FE1F20F6
:104040004FF4487364224FF42F710090002004F065
:10405000CBFE4FF6E0704FF448734FF4F0724FF41C
:104060002F7100904FF4BE7004F0BEFE72480088BD
:1040700080B21F2171A31822CDE900103221B42093
:1040800005F07AFB002070A118221E23CDE9002143
:104090000290C8221146962005F084FC4FF4FC6083
:1040A0004FF4BE73C8224FF496710090322002F094
:1040B0005BFA4FF4FC604FF4BD73C6224FF4977166
:1040C0000090342004F090FE4FF4FC605A490860E0
:1040D0000846008880B200215EA31822CDE90010B6
:1040E0004FF4A5716E2005F047FB1F204FF4BE73FF
:1040F0004FF4C8724FF496710090FA2002F034FA2F
:104100001F204FF4BD734FF4C7724FF497710090A6
:10411000FC2004F069FE1F2047490860084600881B
:1041200080B24FF6FF714CA31822CDE900104FF476
:10413000A5714FF49B7005F01FFB4FF478404FF4CE
:10414000FA734FF4AA724FF4D27100906E2002F00D
:104150000BFA4FF478404FF4F9734FF4A9724FF40F
:10416000D3710090702004F03FFE4FF47840324944
:1041700008600846008880B24FF6FF7137A3182206
:10418000CDE900104FF4E171D22005F0F5FA4FF6B9
:10419000FF70294908604FF4784018210323CDE9C6
:1041A00000102F480288C8214FF48C7005F02CFBBA
:1041B00000BFFCF735FC0446002C3CD0012C04D099
:1041C000022C0CD0032C18D113E025480088642859
:1041D00004DA23480088401C214908800DE020486B
:1041E0000088002804DD1E480088401E1C49088005
:1041F00003E000201A49088000BF00BF4FF6FF709F
:10420000E6234FF4AF72C82100904FF48C7004F095
:10421000EBFD4FF4784018210323CDE9001010483E
:104220000288C8214FF48C7005F0EEFA0C48008823
:104230000C4909684863BCE748000020B7E7BBFAAF
:1042400050574DBFD8D6C60050574D2056616C759B
:10425000653A0000BFEC0000C2FD0000CDA30000E5
:10426000080000203002002010B500BF502080F36D
:104270001188BFF34F8FBFF36F8F00BF08F00CFBA7
:1042800018B14FF080500449086000BF002080F34F
:10429000118800BF10BD000004ED00E000B58FB034
:1042A000282105A8FBF7D7FF14216846FBF7D3FFA9
:1042B000012005900004069000200790012009903D
:1042C00002200C90C1030D914FF4E0110E9105A84E
:1042D000FEF776F808B1FCF71EFC0F2000900220D4
:1042E0000190002002904FF4806003900020049021
:1042F00002216846FDF71EFF08B1FCF70CFC0FB069
:1043000000BD704710B50248FEF77BFC10BD0000F1
:104310004403002010B50268204B98420ED0204B79
:1043200098420BD0B0F1804F08D01E4B984205D078
:104330001D4B984202D01D4B984203D122F07002CF
:104340004B681A43154B98420ED0154B98420BD030
:10435000B0F1804F08D0134B984205D0124B9842D1
:1043600002D0124B984203D122F44072CB681A4318
:1043700022F080034C6943EA040202608B68C36246
:104380000B688362054B984202D0054B984201D1DD
:104390000B6903630123436110BD0000002C014041
:1043A000003401400004004000080040000C0040C0
:1043B00030B501F01F05012404FA05F3046A9C439B
:1043C0000462046A01F01F0502FA05F52C43046239
:1043D00030BD30B50C46816821F47F4142EA0325A7
:1043E00025432943816030BD0A46816821F0700170
:1043F00042F00703194381607047000030B5026A3C
:10440000056A25F0010505624368846924F070049B
:1044100024F003040D682C4322F002028D682A4325
:10442000104DA84200D103E00F4DA84206D100BFB5
:1044300022F00802CD682A4322F00402094DA84266
:1044400002D0094DA84207D123F4807323F40073EE
:104450004D692B438D692B43436084614D684563EF
:10446000026230BD002C01400034014030B5026AC8
:10447000056A25F0100505624368846924F4E04468
:1044800024F440740D6844EA052422F020028D686B
:1044900042EA0512124DA84200D103E0114DA84294
:1044A00007D100BF22F08002CD6842EA051222F057
:1044B00040020B4DA84202D00A4DA84209D123F474
:1044C000806323F400634D6943EA85038D6943EA01
:1044D0008503436084614D688563026230BD0000DE
:1044E000002C01400034014030B5026A056A25F411
:1044F000807505624368C46924F0700424F00304E5
:104500000D682C4322F400728D6842EA0522124D98
:10451000A84200D103E0114DA84207D100BF22F408
:104520000062CD6842EA052222F480620A4DA84268
:1045300002D00A4DA84209D123F4805323F400533A
:104540004D6943EA05138D6943EA05134360C4616D
:104550004D68C563026230BD002C0140003401404B
:1045600030B5036A056A25F4805505624468C2695E
:1045700022F4E04222F440720D6842EA052223F45C
:1045800000538D6843EA0533084DA84202D0084D18
:10459000A84204D124F480444D6944EA851444605F
:1045A000C2614D680564036230BD0000002C01400B
:1045B0000034014030B50B461446026A056A25F006
:1045C00001050562816921F0F00141EA041122F040
:1045D0000A021A438161026230BD30B50B461446AF
:1045E000026A056A25F010050562816921F47041AF
:1045F00041EA043122F0A00242EA03128161026220
:1046000030BD70B50546284606F022FB044614B1BD
:10461000D4E90010884770BD10B50248FEF728FDA8
:1046200010BD00007802002070B505466C6A0020BD
:10463000608660852046FEF71AFD70BD0168C96876
:1046400021F490710268D1600168496921F001018B
:1046500002685161012180F83D10704710B5044691
:104660002068C06820F040002168C8602068406968
:1046700020F0010021684861012084F83D002046B7
:10468000FEF7D3FE002010BD70B5044694F83D003F
:1046900022284AD1A068B0F5805F0CD1206950B9BA
:1046A0000025E66A20684068C0F308003080E06AB0
:1046B000801CE06215E0E56A0026A068B0F5805F26
:1046C00003D0A06828B9206918B92068406828700C
:1046D00004E02068406800F07F002870E06A401C19
:1046E000E062608E401E6086608EC8B92068C06837
:1046F00020F020002168C8602068C06820F4807025
:104700002168C8602068406920F001002168486184
:10471000012084F83D002046FEF720FE002070BDF9
:10472000FF20216848600020F9E70220F7E7000039
:1047300070B5044600252168C96821F00C01226883
:10474000D16021680D6925F47C55A16941F40061AF
:10475000E2691143226A1143E26811430D43216863
:104760000D612168CD6841F20C618D432269A16819
:104770001143626911430D432168CD602168496985
:1047800021F4407122685161574A2168914255D104
:10479000FDF7CEFD00EBC00101EB00116268920055
:1047A000B1FBF2F16422B1FBF2F10A0100EBC001AE
:1047B00001EB001163689B00B1FBF3F100EBC00358
:1047C00003EB00136668B600B3FBF6F36426B3FB95
:1047D000F6F303EBC30606EB0313A1EB83013223CD
:1047E00003EB01116423B1FBF3F101F0F00102EBE3
:1047F000410200EBC00101EB001163689B00B1FBBB
:10480000F3F100EBC00303EB00136668B600B3FBE3
:10481000F6F36426B3FBF6F303EBC30606EB0313D0
:10482000A1EB8301322303EB01116423B1FBF3F10C
:1048300001F00F0111442268916054E0FDF768FD1A
:1048400000EBC00101EB001162689200B1FBF2F1D4
:104850006422B1FBF2F10A0100EBC00101EB00118F
:1048600063689B00B1FBF3F100EBC00303EB0013A3
:104870006668B600B3FBF6F36426B3FBF6F303EB0E
:10488000C30606EB0313A1EB8301322303EB0111F3
:104890006423B1FBF3F101F0F00102EB410200EB04
:1048A000C00101EB001163689B00B1FBF3F100EB69
:1048B000C00303EB00136668B600B3FBF6F364268F
:1048C000B3FBF6F303EBC30606EB0313A1EB830183
:1048D000322303EB01116423B1FBF3F101F00F016B
:1048E00011442268916070BD0038014070B50446E3
:1048F00094F83D00322876D1608D28B32068006896
:10490000C0F3C01000B3A068B0F5805F0BD1206980
:1049100048B9656A2888C0F3080021684860606A61
:10492000801C606205E0616A481C6062087821684A
:104930004860608D401E6085608D28B92068C06821
:1049400020F080002168C860608E68B3206800682D
:10495000C0F3401040B3A068B0F5805F0BD1206970
:1049600048B9E66A20684068C0F308003080E06A11
:10497000801CE06215E0A068B0F5805F03D0A068FD
:1049800030B9206920B920684068E16A087005E004
:104990002068406800F07F00E16A0870E06A401C0F
:1049A000E062608E401E6086608ED0B92068C0686C
:1049B00020F020002168C8602068C06820F4807062
:1049C0002168C8602068406920F0010021684861C2
:1049D000012084F83D002046FEF728FD002070BD30
:1049E00001E00020FBE70220F9E7014691F83D00D5
:1049F000122828D18868B0F5805F0BD1086948B9C2
:104A00004A6A1088C0F308000B685860486A801C26
:104A1000486205E04B6A581C486218780B68586079
:104A2000488D401E80B2488558B90868C06820F09B
:104A300080000B68D8600868C06840F040000B68D0
:104A4000D860002070470220FCE72DE9F0410446C1
:104A50000D4617469846069E2BE0701C48B32EB1B3
:104A6000FCF7CCFEA0EB0800B04222D92068C06859
:104A700020F080002168C8602068C06820F0200015
:104A80002168C8602068C06820F480702168C86010
:104A90002068406920F0010021684861012084F805
:104AA0003D0000BF002084F83C0000BF0320BDE8AB
:104AB000F081206800682840A84201D1012000E070
:104AC0000020B842C9D00020F1E700BFFEE7000097
:104AD0000FB4054B10B503A9044A029800F012F96F
:104AE00010BC5DF814FB0000A55800082001002050
:104AF0000FB4084B10B504A902AA039800F002F9FC
:104B0000044602A9002000F080FC204610BC5DF89D
:104B100014FB00000B54000802480068C0F3022098
:104B2000704700000CED00E010B5002804DB0A0718
:104B3000130E054A135406E00A07140E034A00F048
:104B40000F031B1FD45410BD00E400E018ED00E07B
:104B5000EFF311807047EFF305807047EFF310809B
:104B6000704702E008C8121F08C1002AFAD1704736
:104B70007047002001E001C1121F002AFBD17047DD
:104B80002DE9FF5F82B00021DDE90430020DDDF880
:104B900040B0034318D044F61050A2F2FF32424313
:104BA0001514119801281FD0A5EB0B00401C5FEADB
:104BB000000A4FF000064E4FDFF83891B0465046DD
:104BC00015D5CAF1000413E0119801244AA3012865
:104BD00001D16FEA0B010298119AC0E90031C0E9D6
:104BE000024206B0BDE8F09FCBF10000DFE70446CB
:104BF0000021404A491842EB0450CDE9001012E070
:104C0000E00707D032463B4640464946FBF7D2FB19
:104C10008046894632463B4610461946FBF7CAFB9A
:104C200006460F466410002CEAD1DDE90401DDE9F7
:104C30000023BAF1000F06DAFBF7BCFB42464B46F5
:104C4000FBF7B8FB05E0FBF727FC42464B46FBF7BA
:104C500023FC04460E460022284BFBF7F9FC03D840
:104C60004FF0FF30014607E00022254B2046314639
:104C7000FBF7E1FDFBF786FE102409E0002C0ADBC0
:104C80000A220023FBF712FD039B30321A55641EE3
:104C900050EA0102F2D1641C039AC4F111031444D6
:104CA000119A012A03D0012208430DD10AE00843DA
:104CB00004D000204FF0110B119072E7A3EB0B050D
:104CC0006D1E0DE05B4504DD4FF0000205F10105AE
:104CD00004E003DA4FF00002A5F10105002AECD050
:104CE00002981199C0E90231C0E9004579E7000056
:104CF000000014400000F03F300000000000F043CE
:104D00000000E03F2DE9FF4F95B09A4688460646E1
:104D10000025EEE1252877D100242746F94A012114
:104D2000039400E0044316F8013F203B01FA03F02E
:104D30001042F7D130782A2811D06FF02F03307845
:104D4000A0F13002092A16D8039A44F0020402EBBB
:104D5000820203EB42021044761C0390EFE758F8FE
:104D6000042B0392002A03DA504244F400540390C7
:104D700044F00204761C30782E2816D116F8010F64
:104D800044F004042A280DD06FF02F023078A0F1EF
:104D90003003092B09D807EB870302EB4303C7183D
:104DA000761CF3E758F8047B761C30786C280FD01B
:104DB00006DC4C2817D068280DD06A2814D104E0EE
:104DC000742810D07A280FD10DE044F400140AE0C2
:104DD00044F4801401E044F440147278824202D119
:104DE00004F58014761C761C307866280BD013DC12
:104DF000582877D009DC002875D04528F6D04628F9
:104E0000F4D047281AD193E118E0632835D06428FC
:104E100079D0652812D18BE1702873D008DC67281F
:104E2000F1D069286FD06E280DD06F2806D1ACE084
:104E300073282CD0752874D0782853D052461799EF
:104E400090476D1C54E1C4F30250022809D0032896
:104E50000DD0D8F8001004280DD00D6008F104081A
:104E600046E1D8F80010EA17C1E90052F6E7D8F891
:104E700000100D80F2E70D70F0E718F8041B8DF8B4
:104E8000001000208DF80100EB46012003E058F8E7
:104E900004BB4FF0FF3061074FF0000102D40DE07A
:104EA00009F101018946B9420FDA8145F8DB1BF8A7
:104EB00009100029F4D108E009F101018946814275
:104EC000FADB1BF809100029F6D103985346A0EB32
:104ED000090721463846179A00F080FA284400EB6B
:104EE000090507E044E008E10DE01BF8010B52461C
:104EF00017999047B9F10109F7D253462146384630
:104F0000179AF2E039E00A21C4F302524FF0000B85
:104F10000091022A06D058F8040BC117032A09D0C1
:104F20000AE023E008F1070020F00702F2E802019E
:104F3000904605E000B2C117042A01D140B2C11762
:104F4000002906DA0A460021404261EB02012D22C7
:104F500002E0220504D52B228DF80420012203E073
:104F6000E20701D02022F7E7914657E00A2100E04E
:104F700010214FF0000B00910BE010214FF0000BBF
:104F800044F004040827009103E008204FF0000BD0
:104F90000090C4F30252022A05D058F8040B0021F5
:104FA000032A08D008E008F1070020F00702F2E821
:104FB0000201904603E080B2042A00D1C0B24FF053
:104FC000000922072AD53278702A07D0DDF800C000
:104FD0008CF0100C5CEA0B0C05D00EE040228DF832
:104FE0000420012208E050EA010306D030238DF8A6
:104FF00004308DF8052002229146009B83F00803BF
:1050000053EA0B030AD150EA010201D1620705D528
:1050100030228DF804204FF001097F1E3278582A83
:1050200004D039A20C920CAA02920BE03BA2F9E741
:105030005B46009AFBF73AFB0C9B9B5C029A521E64
:105040000292137050EA0102F2D1029804A9081AE0
:1050500000F1200B600702D524F4803400E0012722
:105060005F4502DDA7EB0B0000E0002000EB0B0129
:10507000009003984944401A0390E00306D4534635
:105080002146179A039800F0A9F90544002706E085
:1050900001A85246C05D179990476D1C7F1C4F4573
:1050A000F6DBE0030CD553462146179A039800F02F
:1050B00095F9054404E030205246179990476D1C3D
:1050C0000099481E00900029F5DC08E0029802993A
:1050D00052460078491C0291179990476D1CBBF10C
:1050E0000001ABF1010BF1DC5BE100F065F9054477
:1050F000761C307800287FF40DAE19B02846BDE844
:10510000F08F000009280100303132333435363752
:105110003839616263646566000000003031323303
:1051200034353637383941424344454600000000A3
:10513000600700D4062708F1070020F00700F0E818
:105140000223804603F0004C5FEA0C0001D097A0D8
:1051500009E0200501D596A005E0E00701D095A063
:1051600001E0AFF24C001390307823F00043652843
:105170000CD006DC452809D046281DD047287FD111
:105180003BE0662818D067287AD136E00021112F3D
:1051900001DB112000E0781CCDE9000104A90CA876
:1051A000FFF7EEFCDDE90D010C9A4FF0000B07F163
:1051B0000109109200914EE04FF000400097CDE9B8
:1051C000011004A90CA8FFF7DBFCDDE90D020C9B24
:1051D0000F994FF0000B91461093009211B9791C72
:1051E00000EB0109B7EB090003D4C0F1FF3B07F165
:1051F0000109A9EB0700019042E0012F00DA012725
:105200000021112F01DD112000E03846CDE9000119
:1052100004A90CA8FFF7B4FCDDE90D010C9A00917C
:105220004FF0000BB946109221070FD4009A4A455F
:1052300003DA914601E0A9F10109B9F1010F05DD99
:10524000109AA9F10101515C3029F4D0B84202DA78
:1052500010F1040F03DA0121CDE9011010E000285C
:1052600003DC8344A9EB000102E0411C494500DD59
:105270008946A0EB0B00401C01904FF000400290CB
:10528000200705D40198484502DB4FF0FF3001901C
:1052900000208DF84B0002980DF14B07B0F1004F44
:1052A00025D002200C902B200D90029800280CDABB
:1052B000404202902D200D9007E00A210298FBF752
:1052C000DFF93031029007F8011D0C99481E0C904F
:1052D0000029F2DC02980028EFD1791E0D980870A1
:1052E000307800F0200040F0450007F8020D11A8CA
:1052F000C01BC01D02901398007800B1012000EB84
:105300000901019801EBE071029801440398401AE9
:10531000401E0390E00306D453462146179A039893
:1053200000F05CF805441398007818B152461799BC
:1053300090476D1CE00323D553462146179A0398E6
:1053400000F04CF805441BE0BBF1000F07DB0098B0
:10535000584504DD1098179910F80B0001E01799D3
:1053600030205246904701980BF1010B401E05F189
:105370000105019004D12E205246179990476D1CCB
:10538000B9F10001A9F10109DEDC05E017F8010B14
:105390005246179990476D1C0299481E02900029A9
:1053A000F4DC53462146179A03989EE62D00000030
:1053B0002B000000200000002DE9F04104460025EC
:1053C0001E461746880404D405E039462020B0471D
:1053D0006D1C641EF9D52846BDE8F0812DE9F04129
:1053E000044600251E469046C80301D5302700E03C
:1053F0002027880404D505E041463846B0476D1C97
:10540000641EF9D52846BDE8F0810A68531C0B607C
:105410001070704710B50648FCF7F6F9202803D144
:1054200004A0FFF755FB02E00AA0FFF751FB10BDF7
:10543000940100204932433120696E697469616CBE
:10544000697A6564207375636365737366756C6CE4
:10545000790A00004932433120696E697469616CD0
:10546000697A6174696F6E206661696C65640A00AF
:10547000FEB504460D461646642001232246A121AE
:10548000CDE9005602900248FCF7AAFAFEBD0000E2
:10549000940100201FB504460020039064200121E0
:1054A00003AA0B46CDE9002102902246A121034820
:1054B000FCF796FA9DF80C0004B010BD9401002092
:1054C000FEB504460D461646642001232246A0215F
:1054D000CDE9005602900348FCF734FC0A20FBF7A4
:1054E00081FFFEBD9401002013B584B00446642002
:1054F000012105AA0B46CDE9002102902246A021F8
:105500000348FCF71FFC0A20FBF76CFF06B010BD38
:105510009401002010B500BF00224FF40071114823
:10552000FCF766F900BF00F021F800BF012202215C
:105530000D48FCF75DF900BF00F018F800BF00222D
:1055400002210948FCF754F900BF00F00FF800BF32
:10555000012251020348FCF74BF900BF00F006F8A6
:1055600010BD0000001C0140000C014010B50220DD
:10557000FBF738FF10BD000000B585B000BF00BFCD
:105580001A48806940F00800184988610846806917
:1055900000F00800009000BF00BF00BF00BF00BFC8
:1055A0000846806940F0800088610846806900F004
:1055B0008000009000BF00BF00BF022001900120CA
:1055C000029003900320049001A90948FBF768FFAB
:1055D0004FF4007001901120029001A90548FBF7DB
:1055E0005FFF00F0BFF805B000BD000000100240F2
:1055F000000C0140001C014010B500BF0122510207
:105600000C48FCF7F5F800BFFFF7B0FF00BF012220
:1056100002210948FCF7ECF800BFFFF7A7FF00BF25
:10562000002202210448FCF7E3F800BFFFF79EFFC9
:1056300010BD0000001C0140000C014070B5054683
:10564000002400261DE06006040E00BF0122022196
:105650001148FCF7CDF800BFFFF788FF4FF4007149
:105660000E48FCF7BDF808B1601CC4B200BF0022B0
:1056700002210948FCF7BCF800BFFFF777FF701C58
:10568000C6B2082EDFDB15B9FFF7B6FF01E0FFF762
:1056900041FF204670BD0000000C0140001C01408D
:1056A00070B50446002525E000BFE00928B10122BD
:1056B00051021548FCF79CF805E000224FF40071F8
:1056C0001148FCF795F800BFFFF750FF00BF01221B
:1056D00002210E48FCF78CF800BFFFF747FF00BF20
:1056E000002202210948FCF783F800BF6006040E7F
:1056F000681CC5B2082DD7DB00BF01225102024849
:10570000FCF776F800BF70BD001C0140000C0140A2
:1057100010B500BF012251021048FCF769F800BF24
:1057200000BF012202210E48FCF762F800BFFFF71C
:105730001DFF00BF00224FF400710848FCF758F825
:1057400000BFFFF713FF00BF002202210448FCF74F
:105750004FF800BFFFF70AFF10BD0000001C01401A
:10576000000C014010B500BF00224FF400710C483E
:10577000FCF73EF800BFFFF7F9FE00BF012202214F
:105780000848FCF735F800BFFFF7F0FE00BF012224
:1057900051020348FCF72CF800BFFFF7E7FE10BDED
:1057A000001C0140000C014070B50024002500BF22
:1057B000012251021648FCF71BF800BFFFF7D6FE86
:1057C00000BF012202211348FCF712F800BFFFF7C7
:1057D000CDFE09E0601CC4B2FA2C03DDFFF7C2FF66
:1057E000012508E0FFF7C2FE4FF400710848FBF7FF
:1057F000F7FF0028EED100BF00BF002202210548BC
:10580000FBF7F6FF00BFFFF7B1FE284670BD0000B2
:10581000001C0140000C014010B5084B5968084BB2
:105820001B68084CB3FBF4F303FB00F200BF034B0F
:105830005B685B1A9342FAD310BD0000001000E0D1
:10584000A400002040420F0018B502460B46107815
:105850008DF8000050788DF80100002118E001EB70
:1058600041000E4C205C9DF80040A0420ED101EB9F
:1058700041000A4C204440789DF80140A04205D1E7
:1058800001EB4100054C2044807818BD481C81B2D2
:10589000034800888142E2DBFF20F6E71602010898
:1058A0004002010813B50C464FF6FF73012269460A
:1058B0000248FDF754FD00981CBD0000780200204E
:1058C00000B587B000BF00BF4848806940F0800045
:1058D000464988610846806900F08000019000BF59
:1058E00000BF00BF00BF00BF0846806940F08000D5
:1058F00088610846806900F08000019000BF00BF09
:1059000000BFC81403900120049005900320069066
:1059100003A93748FBF7C4FD4FF4806003900020D3
:105920000490012005900320069003A93048FBF75E
:10593000B7FDFFF721FE00BF00224FF400612C48A5
:10594000FBF756FF00BF1420FBF74CFD00BF012200
:10595000D1022748FBF74CFF00BF3220FBF742FD86
:1059600000208DF80800012202A900F047F9012269
:1059700002A9A42000F042F916208DF808000122A7
:1059800002A9802000F03AF90C208DF808000122CD
:1059900002A9882000F032F9022202A9A12000F019
:1059A0002FF89DF80800302803D19DF8090003283E
:1059B0000DD09DF80900012809D09DF809000228A2
:1059C00005D09DF8080070B99DF8090058B99DF8F8
:1059D00009009DF8082000EB022106A0FFF778F8E7
:1059E000002007B000BD0120FBE7000000100240CE
:1059F000001C01404354502049443A25780D0A00C8
:105A00002DE9F04106460F461546FFF781FE70204E
:105A1000FFF746FEFFF7C8FEF0B2FFF741FEFFF7C3
:105A2000C3FEFFF775FE7120FFF73AFEFFF7BCFEDD
:105A300000240BE0691EA14201D0012100E00021F9
:105A40000846FFF7FBFD3855601CC4B2AC42F1DBE1
:105A5000FFF788FEBDE8F0812DE9FC4107460020F4
:105A600001900024002661480078401C5F490870BE
:105A7000084600780A2190FBF1F201FB120018B1F0
:105A80005A4800780A2867DA012201A90220FFF7A4
:105A9000B7FF9DF8040000F00F0000285CD09DF8CF
:105AA000040000F00F0006287BDA9DF8040000F0E7
:105AB0000F014FF6FF70884085B2E84380B240F492
:105AC00040404B4988860420FBF78CFC00245AE0B8
:105AD0004748808E0121A1400840E0B3454931F894
:105AE000140004226946FFF78BFF414890F84400F8
:105AF00000F00100C0B19DF801009DF8001001F018
:105B00000F0100EB01203A49203121F814009DF8E3
:105B100003009DF8021001F00F0100EB0121344851
:105B20000C3020F814101EE09DF801009DF80010C4
:105B300001F00F0100EB01202F490988081A81B2FA
:105B40002B480C3020F814109DF803009DF802102B
:105B500001F00F0101E014E023E000EB01202449F3
:105B6000203121F814009DF8000000F0F00080289A
:105B700007D000211E48203020F81410143820F8D7
:105B80001410601CC4B2052CA2DB012618488089C1
:105B900020B91748008C08B9002001900020134953
:105BA00008709DF8040000F01F00A8B91048808E0E
:105BB00000F4004030B10E48808E20F400400C49C3
:105BC000888609E04FF6FF700949888108840846F5
:105BD000808E00F46040888604480078F02802DD5A
:105BE0000A20024908703046BDE8FC814D000020C3
:105BF0005000002042020108D40300202DE9F041AA
:105C000005460E4617464FF00008FFF781FD70204D
:105C1000FFF746FDFFF7C8FDE8B2FFF741FDFFF7CC
:105C2000C3FD00240BE0305DFFF73AFDFFF7BCFD3C
:105C30008046B8F1000F00D003E0601CC4B2BC4243
:105C4000F1DB00BFFFF78EFD4046BDE8F0810000AC
:105C500000B587B000BF00BF4E48806940F08000AB
:105C60004C4988610846806900F08000009000BFC0
:105C700000BF00BF00BF00BF0846806940F0800041
:105C800088610846806900F08000009000BF00BF76
:105C900000BFC814039001200490059003200690D3
:105CA00003A93D48FBF7FCFB4FF480600390002004
:105CB0000490012005900320069003A93648FBF7C5
:105CC000EFFBFFF759FC00BF00224FF400613248A0
:105CD000FBF78EFD00BF0A20FBF784FB00BF01220B
:105CE000D1022D48FBF784FD00BF0A20FBF77AFBA9
:105CF0004FF48060039000200490059003200690EC
:105D000003A92548FBF7CCFB6420FBF76BFB0422BF
:105D100001A948F2401000F057F800208DF8080063
:105D20001EA101A8FAF7A2FA88B11DA101A8FAF7ED
:105D30009DFA60B11CA101A8FAF798FA38B11CA12C
:105D400001A8FAF793FA10B1012007B000BD01A92C
:105D500019A0FEF7BDFE16A101A8FAF787FA10B93F
:105D60000A201849087002208DF80400012201A9B8
:105D700048F2400000F0D2F90A20FBF733FB002084
:105D80008DF80400012201A948F2400000F0C6F994
:105D90000020DAE700100240001C014039313100D8
:105DA000393134370000000031313538000000004F
:105DB00039323731000000004354502049443A251D
:105DC000730D0A004E0000202DE9F04105460F46F4
:105DD0001646FFF79DFC2820FFF762FCFFF7E4FC66
:105DE0002812FFF75DFCFFF7DFFCE8B2FFF758FC75
:105DF000FFF7DAFCFFF78CFC2920FFF751FCFFF7D7
:105E0000D3FC00240BE0711EA14201D0012100E06F
:105E100000210846FFF712FC3855601CC4B2B4429A
:105E2000F1DBFFF79FFCBDE8F081000071B583B0A6
:105E3000002001900026B4480078401CB249087048
:105E4000084601780A2091FBF0F200FB121018B10D
:105E5000AD4800780A287DDA012203A948F24E10E5
:105E6000FFF7B2FF9DF80C0000F0800078B19DF8BC
:105E70000C0000F00F00A5490978884207DC0020DB
:105E80000190012201A948F24E1000F047F99DF857
:105E90000C0000F00F0000285CD09DF80C0000F012
:105EA0000F009A490978884254DC9DF80C0000F0F4
:105EB0000F014FF6FF70884084B29548858EE0430D
:105EC00080B240F4404092498886084682898F48D3
:105ED0000078401E0C3121F810208D48028C8B4830
:105EE0000078401E143121F8102000200190A7E016
:105EF0008748808E9DF804200121914008400028A9
:105F00003FD084499DF8042031F81200042202A9F0
:105F1000FFF75AFF8048808845F2105188420BD025
:105F20007D48808849F60601884205D07A488088F5
:105F300047F29671884240D1754890F8440000F0CD
:105F40000100F8B19DF80A009DF80B1000EB01204C
:105F5000714900E0B2E00988081A81B26C480C303F
:105F60009DF8042020F812109DF808009DF80910F3
:105F700000EB012081B2664820309DF8042020F813
:105F8000121058E09DF808009DF8091000EB012060
:105F900081B25F480C309DF8042020F812109DF863
:105FA0000A009DF80B1000EB012081B25848203008
:105FB0009DF8042020F812103DE0554890F8440068
:105FC00000F00100D0B19DF808009DF8091000EB29
:105FD000012081B24E480C309DF8042020F81210A8
:105FE0009DF80A009DF80B1000EB012081B2484893
:105FF00020309DF8042020F812101CE09DF80A00C3
:106000009DF80B1000EB012043490988081A81B262
:106010003F480C309DF8042020F812109DF808002D
:106020009DF8091000EB012081B2394820309DF81D
:10603000042020F812109DF80400401CC0B201900A
:106040009DF80400314909788842FFF651AF0126D6
:106050002F48808930490988884205DC2C48008C0B
:106060002D494988884226DD9DF80C0000F00F007C
:1060700001280ADD2648C089254988810846408CC8
:10608000088400202049087018E020480078401E4D
:106090001F490C3131F810000C3988811B480078F9
:1060A000401E203131F810002039088480200390F0
:1060B0000846858602E00020134908709DF80C0010
:1060C00000F08F00802815D11148808E00F4004028
:1060D00030B10F48808E20F400400D49888609E0D9
:1060E0004FF6FF700A49888108840846808E00F4C4
:1060F0006040888604480078F02802DD0A200249C2
:106100000870304604B070BD4F0000204E000020E3
:10611000500000204C020108D40300202DE9F0417A
:1061200004460E4617464FF00008FFF7F1FA282004
:10613000FFF7B6FAFFF738FB2012FFF7B1FAFFF7C7
:1061400033FBE0B2FFF7ACFAFFF72EFB00250BE0C4
:10615000705DFFF7A5FAFFF727FB8046B8F1000F47
:1061600000D003E0681CC5B2BD42F1DB00BFFFF701
:10617000F9FA4046BDE8F08170B50446002514B137
:106180000120274908702648007888B31021254847
:10619000FBF726FB50B108212248FBF721FB28B171
:1061A00001212148FBF71CFB012822D10A20FBF723
:1061B00019F910211B48FBF713FB20B9012500201A
:1061C0001749087029E008211648FBF709FB20B998
:1061D00002250020124908701FE001211248FBF738
:1061E000FFFA012819D1032500200D49087014E099
:1061F000FFE710210B48FBF7F3FA01280DD1082126
:106200000848FBF7EDFA012807D101210648FBF702
:10621000E7FA10B9012002490870284670BD000055
:106220004C000020001801400008014070B50446F1
:10623000002609480588408845430021084603F0A8
:10624000B3F803F027FC00BF02E004480480761C8A
:10625000AE42FAD370BD0000D40300200008006CE9
:1062600010B5044658488471002C58D1F020564986
:1062700008804FF4A07048800846808845F210518D
:10628000884210D14FF430504F4908814FF42850C4
:1062900048814FF42C5088814FF4F07008804FF4FF
:1062A000487048801AE04848808841F66311884267
:1062B0000DD12C20444908812B2048812A20888137
:1062C0004FF4F07008804FF44870488006E02C20AE
:1062D0003D4908812A2048812B2088813A488088BE
:1062E00045F21031884205D03748808847F29671D0
:1062F000884206D14FF4A070334908804FF4F07003
:1063000048803148808849F60601884258D14FF4C8
:10631000F0702D4908804FF44870488050E04FF4E9
:10632000A07029490880F02048800846808845F2FE
:106330001051884210D14FF43050234908814FF456
:10634000285048814FF42C5088814FF448700880C1
:106350004FF4F070488020E01B48808841F66311BC
:10636000884205D01848808849F6060188420DD138
:106370002C20154908812A2048812B2088814FF440
:10638000487008804FF4F070488006E02C200E49D9
:1063900008812A2048812B2088810B48808845F27B
:1063A0001031884205D00848808847F296718842AB
:1063B00006D14FF4F070044908804FF4A070488073
:1063C000002002F0D3FE10BDD403002000B5074822
:1063D000808845F21051884204D14FF4245003F0D4
:1063E0004DFB02E0292003F049FB00BDD40300204F
:1063F0002DE9F04706460F4690469A46002445464A
:106400000320A0EB480944E07A1B91B2321990B204
:10641000524600F099F83A1B91B2721990B2524666
:1064200000F092F83A1991B2721990B2524600F007
:106430008BF87A1991B2321990B2524600F084F872
:106440007A1991B2321B90B2524600F07DF83A1997
:1064500091B2721B90B2524600F076F87A1B91B25C
:10646000321B90B2524600F06FF83A1B91B2721B89
:1064700090B2524600F068F8641CB9F1000F03DADC
:10648000A000801D814404E0601B80000A3081442C
:106490006D1EAC42B8DDBDE8F0872DE9FF4F84B03A
:1064A00081468A460020029083460698A0EB0905A3
:1064B0000798A0EB0A06CDF80490CDF800A0002DB7
:1064C00001DD012705E00DB9002702E04FF0FF379D
:1064D0006D42002E02DD4FF0010806E016B94FF0C4
:1064E000000802E04FF0FF387642B54201DD2C464D
:1064F00000E03446002003901EE0009A91B2019A19
:1065000090B2119A00F020F8029828440290B34407
:106510000298A04205DD0298001B029001983844C1
:106520000190A34504DDABEB040B009840440090C0
:106530000398401C80B20390611C03988842DCDD04
:1065400008B0BDE8F08F000070B505460E46144651
:106550003146284602F028FF03F09CFA01490C80DE
:1065600070BD00000008006C2DE9F84105460E469C
:1065700017469846079C33463A46314628460094CB
:10658000FFF78BFF43462A46314628460094FFF723
:1065900084FF43463A46414628460094FFF77DFF74
:1065A00043463A46314638460094FFF776FFBDE849
:1065B000F88110B5CF2003F061FA002003F052FA01
:1065C000C12003F04FFA302003F04CFAED2003F025
:1065D00055FA642003F046FA032003F043FA122030
:1065E00003F040FA812003F03DFAE82003F046FA78
:1065F000852003F037FA102003F034FA7A2003F0F4
:1066000031FACB2003F03AFA392003F02BFA2C2090
:1066100003F028FA002003F025FA342003F022FAD0
:10662000022003F01FFAF72003F028FA202003F0DD
:1066300019FAEA2003F022FA002003F013FA0020EE
:1066400003F010FAC02003F019FA1B2003F00AFA35
:10665000C12003F013FA012003F004FAC52003F06F
:106660000DFA302003F0FEF9302003F0FBF9C720CB
:1066700003F004FAB72003F0F5F9362003F0FEF931
:10668000482003F0EFF93A2003F0F8F9552003F021
:10669000E9F9B12003F0F2F9002003F0E3F91A2040
:1066A00003F0E0F9B62003F0E9F90A2003F0DAF983
:1066B000A22003F0D7F9F22003F0E0F9002003F064
:1066C000D1F9262003F0DAF9012003F0CBF9E0201C
:1066D00003F0D4F90F2003F0C5F92A2003F0C2F922
:1066E000282003F0BFF9082003F0BCF90E2003F0C6
:1066F000B9F9082003F0B6F9542003F0B3F9A92042
:1067000003F0B0F9432003F0ADF90A2003F0AAF931
:106710000F2003F0A7F9002003F0A4F9002003F0F4
:10672000A1F9002003F09EF9002003F09BF9E1207D
:1067300003F0A4F9002003F095F9152003F092F975
:10674000172003F08FF9072003F08CF9112003F0D4
:1067500089F9062003F086F92B2003F083F95620EF
:1067600003F080F93C2003F07DF9052003F07AF96D
:10677000102003F077F90F2003F074F93F2003F0A5
:1067800071F93F2003F06EF90F2003F06BF92B2015
:1067900003F074F9002003F065F9002003F062F9BA
:1067A000012003F05FF93F2003F05CF92A2003F099
:1067B00065F9002003F056F9002003F053F900209A
:1067C00003F050F9EF2003F04DF9112003F056F9D2
:1067D0007820FAF707FE292003F050F910BD10B514
:1067E000FF2003F04BF9FF2003F03CF9982003F061
:1067F00039F9062003F036F9BC2003F03FF90120F7
:1068000003F030F90F2003F02DF9612003F02AF98D
:10681000FF2003F027F9012003F024F9012003F001
:1068200021F90B2003F01EF9102003F01BF937208B
:1068300003F018F9632003F015F9FF2003F012F9B3
:10684000FF2003F00FF9012003F00CF9012003F001
:1068500009F9002003F006F9002003F003F9FF20F6
:1068600003F000F9522003F0FDF8012003F0FAF8DC
:10687000002003F0F7F8402003F0F4F8BD2003F007
:10688000FDF8012003F0EEF8232003F0EBF845209B
:1068900003F0E8F8672003F0E5F8012003F0E2F8E0
:1068A000232003F0DFF8452003F0DCF8672003F035
:1068B000D9F8BE2003F0E2F8002003F0D3F801205D
:1068C00003F0D0F8AB2003F0CDF8602003F0CAF855
:1068D000222003F0C7F8222003F0C4F8222003F09E
:1068E000C1F8222003F0BEF8222003F0BBF8C72035
:1068F00003F0C4F8362003F0B5F8ED2003F0BEF83D
:106900007F2003F0AFF80F2003F0ACF8C02003F0B5
:10691000B5F80F2003F0A6F80B2003F0A3F80A2027
:1069200003F0A0F8FC2003F0A9F8082003F09AF87F
:10693000DF2003F0A3F8002003F094F8002003F018
:1069400091F8002003F08EF8002003F08BF800206F
:1069500003F088F8202003F085F8F32003F08EF888
:10696000742003F07FF8B42003F088F8002003F0CF
:1069700079F8002003F076F8002003F073F8F72090
:1069800003F07CF8822003F06DF8B12003F076F874
:10699000002003F067F8132003F064F8132003F0DD
:1069A00061F8F22003F06AF8802003F05BF804201D
:1069B00003F058F8402003F055F8282003F052F86F
:1069C000C12003F05BF8172003F04CF8882003F097
:1069D00049F8882003F046F8202003F043F8E0202F
:1069E00003F04CF8002003F03DF80A2003F03AF8D9
:1069F000122003F037F8102003F034F80E2003F0D3
:106A000031F8202003F02EF8CC2003F02BF80720DB
:106A100003F028F8062003F025F80B2003F022F8F5
:106A20000E2003F01FF80F2003F01CF80D2003F0D8
:106A300019F8152003F016F8102003F013F80020C1
:106A400003F010F8E12003F019F8002003F00AF831
:106A50000B2003F007F8132003F004F80D2003F0D7
:106A600001F80E2002F0FEFF1B2002F0FBFF712058
:106A700002F0F8FF062002F0F5FF062002F0F2FF18
:106A80000A2002F0EFFF0F2002F0ECFF0E2002F0D0
:106A9000E9FF0F2002F0E6FF152002F0E3FF0C20D3
:106AA00002F0E0FF002002F0DDFF2A2002F0E6FF06
:106AB000002002F0D7FF002002F0D4FF012002F0F6
:106AC000D1FFDF2002F0CEFF2B2002F0D7FF002005
:106AD00002F0C8FF002002F0C5FF032002F0C2FF51
:106AE0001F2002F0BFFF3A2002F0C8FF552002F03D
:106AF000B9FF362002F0C2FF002002F0B3FF1120E0
:106B000002F0BCFF7820FAF76DFC292002F0B6FFF6
:106B10001420FAF767FC2C2002F0B0FF10BD10B56E
:106B2000ED2002F0ABFF012002F09CFFFE2002F0FE
:106B300099FFEE2002F0A2FFDE2002F093FF212059
:106B400002F090FFF12002F099FF012002F08AFF8D
:106B5000DF2002F093FF102002F084FFC42002F037
:106B60008DFF8F2002F07EFFC62002F087FF0020FD
:106B700002F078FFE22002F075FFE22002F072FFDF
:106B8000E22002F06FFFBF2002F078FFAA2002F09F
:106B900069FFB02002F072FF0D2002F063FF0020B9
:106BA00002F060FF0D2002F05DFF002002F05AFFAE
:106BB000112002F057FF002002F054FF192002F0CC
:106BC00051FF002002F04EFF212002F04BFF002079
:106BD00002F048FF2D2002F045FF002002F042FFA6
:106BE0003D2002F03FFF002002F03CFF5D2002F05C
:106BF00039FF002002F036FF5D2002F033FF002055
:106C000002F030FFB12002F039FF802002F02AFFAD
:106C1000002002F027FF8B2002F024FF002002F06A
:106C200021FF962002F01EFF002002F01BFFB22081
:106C300002F024FF002002F015FF002002F012FFF6
:106C4000022002F00FFF002002F00CFF032002F0F0
:106C500009FF002002F006FFB32002F00FFF002022
:106C600002F000FF002002F0FDFE002002F0FAFE1C
:106C7000002002F0F7FE002002F0F4FE002002F0F7
:106C8000F1FE002002F0EEFE002002F0EBFE0020FC
:106C900002F0E8FE002002F0E5FE002002F0E2FE35
:106CA000002002F0DFFE002002F0DCFE002002F0F7
:106CB000D9FE002002F0D6FE002002F0D3FE002014
:106CC00002F0D0FE002002F0CDFE002002F0CAFE4D
:106CD000002002F0C7FE002002F0C4FE002002F0F7
:106CE000C1FE002002F0BEFE002002F0BBFEB42078
:106CF00002F0C4FE8B2002F0B5FE002002F0B2FECE
:106D0000962002F0AFFE002002F0ACFEA12002F0BF
:106D1000A9FE002002F0A6FEB52002F0AFFE022080
:106D200002F0A0FE002002F09DFE032002F09AFE79
:106D3000002002F097FE042002F094FE002002F0F2
:106D400091FEB62002F09AFE002002F08BFE002099
:106D500002F088FEB72002F091FE002002F082FED1
:106D6000002002F07FFE3F2002F07CFE002002F0B7
:106D700079FE5E2002F076FE002002F073FE6420B1
:106D800002F070FE002002F06DFE8C2002F06AFE20
:106D9000002002F067FEAC2002F064FE002002F04A
:106DA00061FEDC2002F05EFE002002F05BFE70203F
:106DB00002F058FE002002F055FE902002F052FE34
:106DC000002002F04FFEEB2002F04CFE002002F00B
:106DD00049FEDC2002F046FE002002F043FEB8200F
:106DE00002F04CFE002002F03DFE002002F03AFED0
:106DF000002002F037FE002002F034FE002002F0F6
:106E000031FE002002F02EFE002002F02BFE0020BA
:106E100002F028FEBA2002F031FE242002F022FE09
:106E2000002002F01FFE002002F01CFE002002F0F5
:106E300019FEC12002F022FE202002F013FE0020E5
:106E400002F010FE542002F00DFE002002F00AFEB7
:106E5000FF2002F007FE002002F004FEC22002F034
:106E60000DFE0A2002F0FEFD002002F0FBFD0420D2
:106E700002F0F8FD002002F0F5FDC32002F0FEFD57
:106E80003C2002F0EFFD002002F0ECFD3A2002F081
:106E9000E9FD002002F0E6FD392002F0E3FD0020CC
:106EA00002F0E0FD372002F0DDFD002002F0DAFD07
:106EB0003C2002F0D7FD002002F0D4FD362002F085
:106EC000D1FD002002F0CEFD322002F0CBFD0020EB
:106ED00002F0C8FD2F2002F0C5FD002002F0C2FD27
:106EE0002C2002F0BFFD002002F0BCFD292002F0A2
:106EF000B9FD002002F0B6FD262002F0B3FD00200F
:106F000002F0B0FD242002F0ADFD002002F0AAFD49
:106F1000242002F0A7FD002002F0A4FD232002F0AF
:106F2000A1FD002002F09EFD3C2002F09BFD002010
:106F300002F098FD362002F095FD002002F092FD4F
:106F4000322002F08FFD002002F08CFD2F2002F095
:106F500089FD002002F086FD2C2002F083FD002038
:106F600002F080FD292002F07DFD002002F07AFD74
:106F7000262002F077FD002002F074FD242002F0AC
:106F800071FD002002F06EFD242002F06BFD002058
:106F900002F068FD232002F065FD002002F062FD92
:106FA000C42002F06BFD622002F05CFD002002F0C4
:106FB00059FD052002F056FD002002F053FD84200B
:106FC00002F050FD002002F04DFDF02002F04AFDDD
:106FD000002002F047FD182002F044FD002002F0DE
:106FE00041FDA42002F03EFD002002F03BFD1820F0
:106FF00002F038FD002002F035FD502002F032FD95
:10700000002002F02FFD0C2002F02CFD002002F0E9
:1070100029FD172002F026FD002002F023FD952017
:1070200002F020FD002002F01DFDF32002F01AFD09
:10703000002002F017FDE62002F014FD002002F00F
:1070400011FDC52002F01AFD322002F00BFD0020D8
:1070500002F008FD442002F005FD002002F002FDD0
:10706000652002F0FFFC002002F0FCFC762002F01C
:10707000F9FC002002F0F6FC882002F0F3FC00206E
:1070800002F0F0FCC62002F0F9FC202002F0EAFC3D
:10709000002002F0E7FC172002F0E4FC002002F0E0
:1070A000E1FC012002F0DEFC002002F0DBFCC72046
:1070B00002F0E4FC002002F0D5FC002002F0D2FC3B
:1070C000002002F0CFFC002002F0CCFCC82002F02F
:1070D000D5FC002002F0C6FC002002F0C3FC00201A
:1070E00002F0C0FC002002F0BDFCC92002F0C6FC8A
:1070F000002002F0B7FC002002F0B4FC002002F0F7
:10710000B1FC002002F0AEFC002002F0ABFC00203D
:1071100002F0A8FC002002F0A5FC002002F0A2FC76
:10712000002002F09FFC002002F09CFC002002F0F6
:1071300099FC002002F096FC002002F093FC002055
:1071400002F090FC002002F08DFC002002F08AFC8E
:10715000E02002F093FC162002F084FC002002F0F4
:1071600081FC1C2002F07EFC002002F07BFC212030
:1071700002F078FC002002F075FC362002F072FC70
:10718000002002F06FFC462002F06CFC002002F0B0
:1071900069FC522002F066FC002002F063FC6420CF
:1071A00002F060FC002002F05DFC7A2002F05AFC44
:1071B000002002F057FC8B2002F054FC002002F06B
:1071C00051FC992002F04EFC002002F04BFCA8205C
:1071D00002F048FC002002F045FCB92002F042FC1D
:1071E000002002F03FFCC42002F03CFC002002F032
:1071F00039FCCA2002F036FC002002F033FCD22019
:1072000002F030FC002002F02DFCD92002F02AFC14
:10721000002002F027FCE02002F024FC002002F015
:1072200021FCF32002F01EFC002002F01BFCE120F8
:1072300002F024FC162002F015FC002002F012FCE3
:107240001C2002F00FFC002002F00CFC222002F0B7
:1072500009FC002002F006FC362002F003FC0020AE
:1072600002F000FC452002F0FDFB002002F0FAFBDA
:10727000522002F0F7FB002002F0F4FB642002F041
:10728000F1FB002002F0EEFB7A2002F0EBFB002085
:1072900002F0E8FB8B2002F0E5FB002002F0E2FBAD
:1072A000992002F0DFFB002002F0DCFBA82002F0B6
:1072B000D9FB002002F0D6FBB92002F0D3FB00205E
:1072C00002F0D0FBC42002F0CDFB002002F0CAFB8C
:1072D000CA2002F0C7FB002002F0C4FBD22002F05B
:1072E000C1FB002002F0BEFBD82002F0BBFB002057
:1072F00002F0B8FBE02002F0B5FB002002F0B2FB88
:10730000F32002F0AFFB002002F0ACFBE22002F021
:10731000B5FB052002F0A6FB002002F0A3FB0B202A
:1073200002F0A0FB002002F09DFB1B2002F09AFB64
:10733000002002F097FB342002F094FB002002F0C2
:1073400091FB442002F08EFB002002F08BFB4F20CB
:1073500002F088FB002002F085FB612002F082FB36
:10736000002002F07FFB792002F07CFB002002F07D
:1073700079FB882002F076FB002002F073FB972057
:1073800002F070FB002002F06DFBA62002F06AFB09
:10739000002002F067FBB72002F064FB002002F03F
:1073A00061FBC22002F05EFB002002F05BFBC72005
:1073B00002F058FB002002F055FBD12002F052FBF6
:1073C000002002F04FFBD62002F04CFB002002F020
:1073D00049FBDD2002F046FB002002F043FBF320D6
:1073E00002F040FB002002F03DFBE32002F046FBF0
:1073F000052002F037FB002002F034FB0A2002F0E7
:1074000031FB002002F02EFB1C2002F02BFB0020A1
:1074100002F028FB332002F025FB002002F022FBC3
:10742000442002F01FFB002002F01CFB502002F061
:1074300019FB002002F016FB622002F013FB002073
:1074400002F010FB782002F00DFB002002F00AFB96
:10745000882002F007FB002002F004FB972002F0D6
:1074600001FB002002F0FEFAA62002F0FBFA002049
:1074700002F0F8FAB72002F0F5FA002002F0F2FA72
:10748000C22002F0EFFA002002F0ECFAC72002F06E
:10749000E9FA002002F0E6FAD12002F0E3FA002037
:1074A00002F0E0FAD52002F0DDFA002002F0DAFA6C
:1074B000DD2002F0D7FA002002F0D4FAF32002F027
:1074C000D1FA002002F0CEFAE42002F0D7FA01202F
:1074D00002F0C8FA002002F0C5FA012002F0C2FA58
:1074E000002002F0BFFA022002F0BCFA002002F0F5
:1074F000B9FA2A2002F0B6FA002002F0B3FA3C20D2
:1075000002F0B0FA002002F0ADFA4B2002F0AAFA25
:10751000002002F0A7FA5D2002F0A4FA002002F099
:10752000A1FA742002F09EFA002002F09BFA842057
:1075300002F098FA002002F095FA932002F092FAF5
:10754000002002F08FFAA22002F08CFA002002F054
:1075500089FAB32002F086FA002002F083FABE20F6
:1075600002F080FA002002F07DFAC42002F07AFADC
:10757000002002F077FACD2002F074FA002002F029
:1075800071FAD32002F06EFA002002F06BFADD20CF
:1075900002F068FA002002F065FAF32002F062FAC5
:1075A000002002F05FFAE52002F068FA002002F005
:1075B00059FA002002F056FA002002F053FA002097
:1075C00002F050FA022002F04DFA002002F04AFACE
:1075D000292002F047FA002002F044FA3C2002F091
:1075E00041FA002002F03EFA4B2002F03BFA002064
:1075F00002F038FA5D2002F035FA002002F032FA8B
:10760000742002F02FFA002002F02CFA842002F0FD
:1076100029FA002002F026FA932002F023FA002033
:1076200002F020FAA22002F01DFA002002F01AFA5D
:10763000B32002F017FA002002F014FABE2002F084
:1076400011FA002002F00EFAC42002F00BFA00201A
:1076500002F008FACD2002F005FA002002F002FA4A
:10766000D32002F0FFF9002002F0FCF9DC2002F048
:10767000F9F9002002F0F6F9F32002F0F3F9002006
:1076800002F0F0F9E62002F0F9F9112002F0EAF92F
:10769000002002F0E7F9342002F0E4F9002002F0C3
:1076A000E1F9562002F0DEF9002002F0DBF9762045
:1076B00002F0D8F9002002F0D5F9772002F0D2F9D3
:1076C000002002F0CFF9662002F0CCF9002002F091
:1076D000C9F9882002F0C6F9002002F0C3F9992008
:1076E00002F0C0F9002002F0BDF9BB2002F0BAF9A7
:1076F000002002F0B7F9992002F0B4F9002002F05E
:10770000B1F9662002F0AEF9002002F0ABF9552085
:1077100002F0A8F9002002F0A5F9552002F0A2F924
:10772000002002F09FF9452002F09CF9002002F0B1
:1077300099F9432002F096F9002002F093F94420D1
:1077400002F090F9002002F08DF9E72002F096F99E
:10775000322002F087F9002002F084F9552002F06F
:1077600081F9002002F07EF9762002F07BF90020FA
:1077700002F078F9662002F075F9002002F072F943
:10778000672002F06FF9002002F06CF9672002F028
:1077900069F9002002F066F9872002F063F9002001
:1077A00002F060F9992002F05DF9002002F05AF928
:1077B000BB2002F057F9002002F054F9992002F0A2
:1077C00051F9002002F04EF9772002F04BF9002029
:1077D00002F048F9442002F045F9002002F042F995
:1077E000562002F03FF9002002F03CF9232002F07D
:1077F00039F9002002F036F9332002F033F9002085
:1078000002F030F9452002F02DF9002002F02AF9AB
:10781000E82002F033F9002002F024F9002002F001
:1078200021F9992002F01EF9002002F01BF98720AF
:1078300002F018F9002002F015F9882002F012F980
:10784000002002F00FF9772002F00CF9002002F07E
:1078500009F9662002F006F9002002F003F98820F9
:1078600002F000F9002002F0FDF8AA2002F0FAF878
:10787000002002F0F7F8BB2002F0F4F8002002F03C
:10788000F1F8992002F0EEF8002002F0EBF8662003
:1078900002F0E8F8002002F0E5F8552002F0E2F8E6
:1078A000002002F0DFF8552002F0DCF8002002F0A2
:1078B000D9F8442002F0D6F8002002F0D3F8442092
:1078C00002F0D0F8002002F0CDF8552002F0CAF8FE
:1078D000002002F0C7F8E92002F0D0F8AA2002F058
:1078E000C1F8002002F0BEF8002002F0BBF8002032
:1078F00002F0B8F8002002F0C1F8AA2002F0B2F8B5
:10790000CF2002F0BBF8002002F0ACF8002002F01B
:10791000A9F8002002F0A6F8002002F0A3F8002049
:1079200002F0A0F8002002F09DF8002002F09AF882
:10793000002002F097F8002002F094F8002002F0F6
:1079400091F8002002F08EF8002002F08BF8002061
:1079500002F088F8002002F085F8002002F082F89A
:10796000002002F07FF8002002F07CF8F02002F006
:1079700085F8002002F076F8502002F073F800201D
:1079800002F070F8002002F06DF8002002F06AF8B2
:10799000F32002F073F8002002F064F8F92002F0FE
:1079A0006DF8062002F05EF8102002F05BF8292046
:1079B00002F058F8002002F055F83A2002F05EF884
:1079C000552002F04FF8112002F058F86420F9F722
:1079D00009FD292002F052F8352002F04FF800206E
:1079E00002F040F8512002F049F8FF2002F03AF886
:1079F000532002F043F82C2002F034F8552002F016
:107A00003DF8822002F02EF82C2002F037F810BD4D
:107A100010B555214FF4704002F046F8AA214FF2FC
:107A2000010002F041F852214FF2020002F03CF84E
:107A300008214FF2030002F037F801214FF2040051
:107A400002F032F80D214FF4304002F02DF80D21F4
:107A50004BF2010002F028F80D214BF2020002F077
:107A600023F834214FF4364002F01EF834214BF253
:107A7000016002F019F834214BF2026002F014F8B0
:107A80000D214FF4314002F00FF80D214BF201109F
:107A900002F00AF80D214BF2021002F005F8342131
:107AA0004FF4374002F000F834214BF2017001F03E
:107AB000FBFF34214BF2027001F0F6FF00214FF47E
:107AC000324001F0F1FF00214BF2012001F0ECFF08
:107AD00000214BF2022001F0E7FF24214FF438404F
:107AE00001F0E2FF24214BF6010001F0DDFF24212B
:107AF0004BF6020001F0D8FF01214FF43F4001F0A6
:107B0000D3FF0F214FF4334001F0CEFF0F214BF292
:107B1000013001F0C9FF0F214BF2023001F0C4FF28
:107B200034214FF4394001F0BFFF34214BF60110EE
:107B300001F0BAFF34214BF6021001F0B5FF082125
:107B40004FF4354001F0B0FF08214BF2015001F035
:107B5000ABFF08214BF2025001F0A6FF03214FF4C6
:107B6000424001F0A1FF24214FF43A4001F09CFF74
:107B700024214BF6012001F097FF24214BF602202F
:107B800001F092FF00214FF43C4001F08DFF78217D
:107B90004BF6014001F088FF00214BF6024001F056
:107BA00083FF00214FF43D4001F07EFF78214BF62A
:107BB000015001F079FF00214BF6025001F074FFF3
:107BC00000214FF43E4001F06FFF64214BF601604D
:107BD00001F06AFF00214FF4514001F065FF3321AD
:107BE0004DF2011001F060FF00214DF2021001F092
:107BF0005BFF34214DF2031001F056FF00214DF2DE
:107C0000041001F051FF3A214DF2051001F04CFF34
:107C100000214DF2061001F047FF4A214DF20710F6
:107C200001F042FF00214DF2081001F03DFF5C2100
:107C30004DF2091001F038FF00214DF20A1001F059
:107C400033FF81214DF20B1001F02EFF00214DF288
:107C50000C1001F029FFA6214DF20D1001F024FFB8
:107C600000214DF20E1001F01FFFE5214DF20F1023
:107C700001F01AFF01214DF2101001F015FF132140
:107C80004DF2111001F010FF01214DF2121001F020
:107C90000BFF54214DF2131001F006FF01214DF2AC
:107CA000141001F001FF82214DF2151001F0FCFECD
:107CB00001214DF2161001F0F7FECA214DF2171006
:107CC00001F0F2FE02214DF2181001F0EDFE00214C
:107CD0004DF2191001F0E8FE02214DF21A1001F0E8
:107CE000E3FE01214DF21B1001F0DEFE02214DF2F8
:107CF0001C1001F0D9FE34214DF21D1001F0D4FE0C
:107D000002214DF21E1001F0CFFE67214DF21F102F
:107D100001F0CAFE02214DF2201001F0C5FE8421BF
:107D20004DF2211001F0C0FE02214DF2221001F0AF
:107D3000BBFEA4214DF2231001F0B6FE02214DF24C
:107D4000241001F0B1FEB7214DF2251001F0ACFE78
:107D500002214DF2261001F0A7FECF214DF227108F
:107D600001F0A2FE02214DF2281001F09DFEDE215D
:107D70004DF2291001F098FE02214DF22A1001F077
:107D800093FEF2214DF22B1001F08EFE02214DF2F6
:107D90002C1001F089FEFE214DF22D1001F084FE21
:107DA00003214DF22E1001F07FFE10214DF22F1015
:107DB00001F07AFE03214DF2301001F075FE3321FF
:107DC0004DF2311001F070FE03214DF2321001F03E
:107DD0006BFE6D214DF2331001F066FE00214FF471
:107DE000524001F061FE33214DF2012001F05CFEB2
:107DF00000214DF2022001F057FE34214DF2032004
:107E000001F052FE00214DF2042001F04DFE3A2116
:107E10004DF2052001F048FE00214DF2062001F050
:107E200043FE4A214DF2072001F03EFE00214DF2B3
:107E3000082001F039FE5C214DF2092001F034FEEA
:107E400000214DF20A2001F02FFE81214DF20B207E
:107E500001F02AFE00214DF20C2001F025FEA621A2
:107E60004DF20D2001F020FE00214DF20E2001F018
:107E70001BFEE5214DF20F2001F016FE01214DF20F
:107E8000102001F011FE13214DF2112001F00CFE23
:107E900001214DF2122001F007FE54214DF2132072
:107EA00001F002FE01214DF2142001F0FDFD8221BE
:107EB0004DF2152001F0F8FD01214DF2162001F0E0
:107EC000F3FDCA214DF2172001F0EEFD02214DF223
:107ED000182001F0E9FD00214DF2192001F0E4FD28
:107EE00002214DF21A2001F0DFFD01214DF21B208D
:107EF00001F0DAFD02214DF21C2001F0D5FD342104
:107F00004DF21D2001F0D0FD02214DF21E2001F0A6
:107F1000CBFD67214DF21F2001F0C6FD02214DF27D
:107F2000202001F0C1FD84214DF2212001F0BCFD93
:107F300002214DF2222001F0B7FDA4214DF22320B1
:107F400001F0B2FD02214DF2242001F0ADFDB72178
:107F50004DF2252001F0A8FD02214DF2262001F06E
:107F6000A3FDCF214DF2272001F09EFD02214DF20D
:107F7000282001F099FDDE214DF2292001F094FD29
:107F800002214DF22A2001F08FFDF2214DF22B202B
:107F900001F08AFD02214DF22C2001F085FDFE2129
:107FA0004DF22D2001F080FD03214DF22E2001F035
:107FB0007BFD10214DF22F2001F076FD03214DF2C3
:107FC000302001F071FD33214DF2312001F06CFDC4
:107FD00003214DF2322001F067FD6D214DF2332077
:107FE00001F062FD00214FF4534001F05DFD3321AB
:107FF0004DF2013001F058FD00214DF2023001F048
:1080000053FD34214DF2033001F04EFD00214DF2BD
:10801000043001F049FD3A214DF2053001F044FDF4
:1080200000214DF2063001F03FFD4A214DF20730AC
:1080300001F03AFD00214DF2083001F035FD5C21E0
:108040004DF2093001F030FD00214DF20A3001F00F
:108050002BFD81214DF20B3001F026FD00214DF268
:108060000C3001F021FDA6214DF20D3001F01CFD78
:1080700000214DF20E3001F017FDE5214DF20F30D9
:1080800001F012FD01214DF2103001F00DFD132120
:108090004DF2113001F008FD01214DF2123001F0D6
:1080A00003FD54214DF2133001F0FEFC01214DF28D
:1080B000143001F0F9FC82214DF2153001F0F4FC8E
:1080C00001214DF2163001F0EFFCCA214DF21730BC
:1080D00001F0EAFC02214DF2183001F0E5FC00212C
:1080E0004DF2193001F0E0FC02214DF21A3001F09E
:1080F000DBFC01214DF21B3001F0D6FC02214DF2D8
:108100001C3001F0D1FC34214DF21D3001F0CCFCCB
:1081100002214DF21E3001F0C7FC67214DF21F30E5
:1081200001F0C2FC02214DF2203001F0BDFC84219F
:108130004DF2213001F0B8FC02214DF2223001F065
:10814000B3FCA4214DF2233001F0AEFC02214DF22C
:10815000243001F0A9FCB7214DF2253001F0A4FC38
:1081600002214DF2263001F09FFCCF214DF2273045
:1081700001F09AFC02214DF2283001F095FCDE213D
:108180004DF2293001F090FC02214DF22A3001F02D
:108190008BFCF2214DF22B3001F086FC02214DF2D6
:1081A0002C3001F081FCFE214DF22D3001F07CFCE1
:1081B00003214DF22E3001F077FC10214DF22F30CB
:1081C00001F072FC03214DF2303001F06DFC3321DF
:1081D0004DF2313001F068FC03214DF2323001F0F4
:1081E00063FC6D214DF2333001F05EFC00214FF451
:1081F000544001F059FC33214DF2014001F054FC90
:1082000000214DF2024001F04FFC34214DF20340B9
:1082100001F04AFC00214DF2044001F045FC3A21F6
:108220004DF2054001F040FC00214DF2064001F006
:108230003BFC4A214DF2074001F036FC00214DF293
:10824000084001F031FC5C214DF2094001F02CFCAA
:1082500000214DF20A4001F027FC81214DF20B4034
:1082600001F022FC00214DF20C4001F01DFCA62182
:108270004DF20D4001F018FC00214DF20E4001F0CE
:1082800013FCE5214DF20F4001F00EFC01214DF2EF
:10829000104001F009FC13214DF2114001F004FCE3
:1082A00001214DF2124001F0FFFB54214DF2134029
:1082B00001F0FAFB01214DF2144001F0F5FB82219F
:1082C0004DF2154001F0F0FB01214DF2164001F096
:1082D000EBFBCA214DF2174001F0E6FB02214DF203
:1082E000184001F0E1FB00214DF2194001F0DCFBE8
:1082F00002214DF21A4001F0D7FB01214DF21B4043
:1083000001F0D2FB02214DF21C4001F0CDFB3421E3
:108310004DF21D4001F0C8FB02214DF21E4001F05C
:10832000C3FB67214DF21F4001F0BEFB02214DF25D
:10833000204001F0B9FB84214DF2214001F0B4FB53
:1083400002214DF2224001F0AFFBA4214DF2234067
:1083500001F0AAFB02214DF2244001F0A5FBB72158
:108360004DF2254001F0A0FB02214DF2264001F024
:108370009BFBCF214DF2274001F096FB02214DF2ED
:10838000284001F091FBDE214DF2294001F08CFBE9
:1083900002214DF22A4001F087FBF2214DF22B40E1
:1083A00001F082FB02214DF22C4001F07DFBFE2109
:1083B0004DF22D4001F078FB03214DF22E4001F0EB
:1083C00073FB10214DF22F4001F06EFB03214DF2A3
:1083D000304001F069FB33214DF2314001F064FB84
:1083E00003214DF2324001F05FFB6D214DF233402D
:1083F00001F05AFB00214FF4554001F055FB3321A9
:108400004DF2015001F050FB00214DF2025001F0FD
:108410004BFB34214DF2035001F046FB00214DF29D
:10842000045001F041FB3A214DF2055001F03CFBB4
:1084300000214DF2065001F037FB4A214DF2075062
:1084400001F032FB00214DF2085001F02DFB5C21C0
:108450004DF2095001F028FB00214DF20A5001F0C5
:1084600023FB81214DF20B5001F01EFB00214DF248
:108470000C5001F019FBA6214DF20D5001F014FB38
:1084800000214DF20E5001F00FFBE5214DF20F508F
:1084900001F00AFB01214DF2105001F005FB132100
:1084A0004DF2115001F000FB01214DF2125001F08C
:1084B000FBFA54214DF2135001F0F6FA01214DF26E
:1084C000145001F0F1FA82214DF2155001F0ECFA4E
:1084D00001214DF2165001F0E7FACA214DF2175072
:1084E00001F0E2FA02214DF2185001F0DDFA00210C
:1084F0004DF2195001F0D8FA02214DF21A5001F054
:10850000D3FA01214DF21B5001F0CEFA02214DF2B7
:108510001C5001F0C9FA34214DF21D5001F0C4FA8B
:1085200002214DF21E5001F0BFFA67214DF21F509B
:1085300001F0BAFA02214DF2205001F0B5FA84217F
:108540004DF2215001F0B0FA02214DF2225001F01B
:10855000ABFAA4214DF2235001F0A6FA02214DF20C
:10856000245001F0A1FAB7214DF2255001F09CFAF8
:1085700002214DF2265001F097FACF214DF22750FB
:1085800001F092FA02214DF2285001F08DFADE211D
:108590004DF2295001F088FA02214DF22A5001F0E3
:1085A00083FAF2214DF22B5001F07EFA02214DF2B6
:1085B0002C5001F079FAFE214DF22D5001F074FAA1
:1085C00003214DF22E5001F06FFA10214DF22F5081
:1085D00001F06AFA03214DF2305001F065FA3321BF
:1085E0004DF2315001F060FA03214DF2325001F0AA
:1085F0005BFA6D214DF2335001F056FA00214FF431
:10860000564001F051FA33214DF2016001F04CFA6D
:1086100000214DF2026001F047FA34214DF203606F
:1086200001F042FA00214DF2046001F03DFA3A21D6
:108630004DF2056001F038FA00214DF2066001F0BC
:1086400033FA4A214DF2076001F02EFA00214DF273
:10865000086001F029FA5C214DF2096001F024FA6A
:1086600000214DF20A6001F01FFA81214DF20B60EA
:1086700001F01AFA00214DF20C6001F015FAA62162
:108680004DF20D6001F010FA00214DF20E6001F084
:108690000BFAE5214DF20F6001F006FA01214DF2CF
:1086A000106001F001FA13214DF2116001F0FCF9A4
:1086B00001214DF2126001F0F7F954214DF21360DF
:1086C00001F0F2F901214DF2146001F0EDF982217F
:1086D0004DF2156001F0E8F901214DF2166001F04C
:1086E000E3F9CA214DF2176001F0DEF902214DF2E3
:1086F000186001F0D9F900214DF2196001F0D4F9A8
:1087000002214DF21A6001F0CFF901214DF21B60F8
:1087100001F0CAF902214DF21C6001F0C5F93421C3
:108720004DF21D6001F0C0F902214DF21E6001F012
:10873000BBF967214DF21F6001F0B6F902214DF23D
:10874000206001F0B1F984214DF2216001F0ACF913
:1087500002214DF2226001F0A7F9A4214DF223601D
:1087600001F0A2F902214DF2246001F09DF9B72138
:108770004DF2256001F098F902214DF2266001F0DA
:1087800093F9CF214DF2276001F08EF902214DF2CD
:10879000286001F089F9DE214DF2296001F084F9A9
:1087A00002214DF22A6001F07FF9F2214DF22B6097
:1087B00001F07AF902214DF22C6001F075F9FE21E9
:1087C0004DF22D6001F070F903214DF22E6001F0A1
:1087D0006BF910214DF22F6001F066F903214DF283
:1087E000306001F061F933214DF2316001F05CF944
:1087F00003214DF2326001F057F96D214DF23360E3
:1088000001F052F955214FF4704001F04DF9AA21C1
:108810004FF2010001F048F952214FF2020001F03D
:1088200043F908214FF2030001F03EF900214FF215
:10883000040001F039F9CC214FF4314001F034F952
:1088400000214BF2011001F02FF905214FF43640C1
:1088500001F02AF970214FF4374001F025F9702119
:108860004BF2017001F020F901214FF4384001F082
:108870001BF903214BF6010001F016F903214BF619
:10888000020001F011F903214BF6030001F00CF98D
:1088900002214FF43C4001F007F900214BF6014062
:1088A00001F002F900214BF6024001F0FDF8D02161
:1088B0004FF4494001F0F8F802214CF6011001F0A4
:1088C000F3F850214CF6021001F0EEF850214CF66E
:1088D000031001F0E9F850214CF6041001F0E4F81F
:1088E00000214FF4545001F0DFF855214FF4685047
:1088F00001F0DAF84FF4885001F0C0F87820FCF766
:108900008BFF4FF4245001F0B9F810BD10B5E220F0
:1089100001F0B4F81D2001F0A5F8022001F0A2F842
:10892000042001F09FF86420FCF776FFE02001F0BE
:10893000A5F8012001F096F80A20F8F753FDE02091
:1089400001F09CF8032001F08DF80C20F8F74AFDA7
:10895000012001F093F80A20F8F744FDE62001F029
:108960008DF82F2001F07EF8FF2001F07BF8FF202A
:1089700001F078F8B02001F081F8202001F072F8C1
:10898000002001F06FF8032001F06CF840F21F3076
:1089900001F068F8012001F065F840F2DF1001F005
:1089A00061F8002001F05EF8B42001F067F80420BF
:1089B00001F058F840F21F4001F054F8002001F097
:1089C00051F82E2001F04EF8002001F04BF8002065
:1089D00001F048F8002001F045F8002001F042F8CD
:1089E000B62001F04BF8022001F03CF84FF4037080
:1089F00001F038F8002001F035F8172001F032F8C6
:108A0000152001F02FF8002001F02CF8002001F0D3
:108A100029F8F02001F032F8032001F023F8292092
:108A200001F02CF8D02001F029F8002001F01AF80C
:108A3000BE2001F023F8052001F014F8FE2001F01B
:108A400011F8012001F00EF8002001F00BF80020D1
:108A500001F008F8002001F005F8B82001F00EF848
:108A6000032000F0FFFF012000F0FCFFBA2001F01E
:108A700005F8012000F0F6FF10BD10B5112000F040
:108A8000FDFF7820F8F7AEFC362000F0F7FF00205D
:108A900000F0E8FF3A2000F0F1FF052000F0E2FFCF
:108AA000B22000F0EBFF0C2000F0DCFF0C2000F007
:108AB000D9FF002000F0D6FF332000F0D3FF332091
:108AC00000F0D0FFB72000F0D9FF352000F0CAFF3A
:108AD000BB2000F0D3FF322000F0C4FFC02000F024
:108AE000CDFF0C2000F0BEFFC22000F0C7FF012028
:108AF00000F0B8FFC32000F0C1FF102000F0B2FF6B
:108B0000C42000F0BBFF202000F0ACFFC62000F026
:108B1000B5FF0F2000F0A6FFD02000F0AFFFA4208B
:108B200000F0A0FFA12000F09DFFE02000F0A6FFD4
:108B3000D02000F097FF002000F094FF022000F00A
:108B400091FF072000F08EFF0A2000F08BFF282005
:108B500000F088FF322000F085FF442000F082FF03
:108B6000422000F07FFF062000F07CFF0E2000F086
:108B700079FF122000F076FF142000F073FF172019
:108B800000F070FFE12000F079FFD02000F06AFFD4
:108B9000002000F067FF022000F064FF072000F0D3
:108BA00061FF0A2000F05EFF282000F05BFF31200B
:108BB00000F058FF542000F055FF472000F052FF0E
:108BC0000E2000F04FFF1C2000F04CFF172000F09B
:108BD00049FF1B2000F046FF1E2000F043FF2A2023
:108BE00000F04CFF002000F03DFF002000F03AFFB5
:108BF000002000F037FFEF2000F034FF2B2000F0C2
:108C00003DFF002000F02EFF002000F02BFF012090
:108C100000F028FF3F2000F025FF292000F02EFF64
:108C200010BD10B5112000F029FF7820F8F7DAFB0D
:108C3000362000F023FF482000F014FF3A2000F017
:108C40001DFF552000F00EFFF02000F017FFC3209D
:108C500000F008FFF02000F011FF962000F002FF66
:108C6000B42000F00BFF012000F0FCFEB62000F065
:108C700005FF0A2000F0F6FEA22000F0F3FEB72068
:108C800000F0FCFEC62000F0EDFEB92000F0F6FE7C
:108C9000022000F0E7FEE02000F0E4FEC02000F03B
:108CA000EDFE802000F0DEFE162000F0DBFEC1208D
:108CB00000F0E4FE192000F0D5FEC22000F0DEFE38
:108CC000A72000F0CFFEC52000F0D8FE162000F04F
:108CD000C9FEE82000F0D2FE402000F0C3FE8A204A
:108CE00000F0C0FE002000F0BDFE002000F0BAFE43
:108CF000292000F0B7FE192000F0B4FEA52000F0F6
:108D0000B1FE332000F0AEFEE02000F0B7FEF02010
:108D100000F0A8FE072000F0A5FE0D2000F0A2FE46
:108D2000042000F09FFE052000F09CFE142000F0BF
:108D300099FE362000F096FE542000F093FE4C2061
:108D400000F090FE382000F08DFE132000F08AFE27
:108D5000142000F087FE2E2000F084FE342000F066
:108D600081FEE12000F08AFEF02000F07BFE102062
:108D700000F078FE142000F075FE0E2000F072FE68
:108D80000C2000F06FFE082000F06CFE352000F093
:108D900069FE442000F066FE4C2000F063FE2620B1
:108DA00000F060FE102000F05DFE122000F05AFE80
:108DB0002C2000F057FE322000F054FEF02000F08E
:108DC0005DFE3C2000F04EFEF02000F057FE6920D2
:108DD00000F048FE7820F8F705FB212000F04EFE59
:108DE000292000F04BFE10BD2DE9F04F05460E4640
:108DF00017469846DDF824A04FF0000B781B401C66
:108E00001FFA80FB344613E02146284600F0CCFAD6
:108E100000F040FE4FF0000906E00749A1F800A06D
:108E200009F101001FFA80F9D945F6DB601C84B214
:108E30004445E9DDBDE8F08F0008006C10B5322034
:108E4000F8F7D0FAD32000F019FE00F083F9B64904
:108E5000888000F07FF9B449888000F07BF9B2493E
:108E60008880084680884FF6FF7101EA0020AE49ED
:108E7000888000F06FF9AC4989880843AA49888046
:108E80000846808849F2413188427CD0042000F0B5
:108E9000F5FD00F05FF9A449888000F05BF9A24974
:108EA000888000F057F9A0498880084680884FF6EE
:108EB000FF7101EA00209C49888000F04BF99A4933
:108EC00089880843984988800846808848F252512A
:108ED000884203D147F289709349888092488088FC
:108EE00047F289718842D0D0D42000F0C7FD00F04D
:108EF00031F98D49888000F02DF98B49888000F088
:108F000029F989498880084680884FF6FF7101EA6F
:108F100000208549888000F01DF98349898808432D
:108F2000814988800846808845F210318842ACD05B
:108F3000D32000F0A3FD00F00DF97B49888000F0FC
:108F400009F97949888000F005F977498880084651
:108F500080884FF6FF7101EA00207349888000F095
:108F6000F9F87149898808436F49888008468088E4
:108F700047F29671884288D055214FF4704000F036
:108F800093FDAA2100E07EE04FF2010000F08CFD8D
:108F900052214FF2020000F087FD08214FF203003A
:108FA00000F082FD01214FF2040000F07DFD4FF43E
:108FB000454000F063FD00F0CDF85B49888008462D
:108FC00080884FF6FF7101EA0020574988804CF2F3
:108FD000015000F053FD00F0BDF853498988084363
:108FE000514988800520F8F7FDF94F48808845F2FF
:108FF0001051884247D0D32000F040FD00F0AAF87D
:109000004949888000F0A6F84749888000F0A2F816
:1090100045498880084680884FF6FF7101EA0020A4
:109020004149888000F096F83F49898808433E49C5
:1090300088800846808849F60601884223D0A1200E
:1090400000F01CFD00F086F83749888000F082F8B7
:1090500035498880084680884FF6FF7101EA002074
:109060003149888000F076F82F49898808432E49D5
:1090700088800846808845F26171884203D141F6B4
:109080006310294988802848808847F2897188427E
:1090900002D1FFF7F2FC37E02348808849F24131E2
:1090A000884202D1FDF785FA2EE01F48808845F2FC
:1090B0001031884202D1FDF732FD25E01A48808840
:1090C00047F29671884202D1FFF7ABFD1CE01648CB
:1090D000808845F21051884202D1FEF799FC13E0D6
:1090E0001148808849F60601884202D1FDF777FBD6
:1090F0000AE00D48808841F66311884204D1FFF7E9
:1091000005FC642000F084FC0020FDF7A9F800BFF6
:10911000012211460548F8F76BFB00BF4FF6FF70C0
:10912000FDF784F810BD0000D4030020000C0140BE
:1091300000BF011EA0F10100FBD1704710B502462F
:10914000012000E050430B1EA1F10104E1B2F9D16E
:1091500010BD000008B50220FFF7EAFF02480088B2
:109160000090BDF8000008BD0008006CF0B5054691
:10917000002400278B488079012805D18948808800
:1091800041F66311884208D186488079F0B9854854
:10919000808841F66311884218D1082D15D2DFE886
:1091A00005F00406080A0C0E101206250DE007252E
:1091B0000BE0042509E0052507E0012505E0002571
:1091C00003E0032501E0022500BF00BF082D1CD2EB
:1091D000DFE805F00406090C0F12151800BF14E0B3
:1091E00044F0800411E044F040040EE044F0C00478
:1091F0000BE044F0200408E044F0600405E044F093
:10920000A00402E044F0E00400BF00BF3627654838
:10921000808845F21051884200D13F026148808821
:1092200049F2413188420BD05E48808847F289710B
:10923000884205D05B48808847F29671884201D108
:1092400044F008042146384600F02EFC554880883A
:1092500041F6631188421DD004F0200068B15148E6
:10926000008850494988884214DA4E480688408868
:109270004C490880084646800CE04A480088494925
:109280004988884206DD4748068840884549088065
:10929000084646804348808845F21051884252D1A2
:1092A0004049488900F0EAFB002000F0DBFB3D4923
:1092B0004989491C88B200F0E1FB002000F0D2FB94
:1092C00038494989891C88B200F0D8FB354909889A
:1092D000491EC1F30F2000F0C5FB32494989C91C62
:1092E00088B200F0CBFB2F490978491EC8B200F0C4
:1092F000B9FB2C49888900F0C1FB002000F0B2FBCB
:1093000028498989491C88B200F0B8FB002000F088
:10931000A9FB24498989891C88B200F0AFFB214947
:109320004988491EC1F30F2000F09CFB1D49898923
:10933000C91C88B200F0A2FB1A498978491EC8B23C
:1093400000F090FB2DE01749488900F097FB0020C2
:1093500000F088FB002000F085FB12490988491EB7
:10936000C1F30F2000F07EFB0E490978491EC8B2F8
:1093700000F078FB0B49888900F080FB002000F0AA
:1093800071FB002000F06EFB06494988491EC1F3BD
:109390000F2000F067FB03498978491EC8B200F02E
:1093A00061FBF0BDD403002010B502460C464548D1
:1093B000808841F66311884247D142488079A8B934
:1093C00040480088401E801A82B23E49488900F019
:1093D00055FB002000F046FB002000F043FB10127C
:1093E00000F040FBD0B200F03DFB16E03549488963
:1093F00000F044FB101200F035FBD0B200F032FB5D
:1094000030490988491EC1F30F2000F02BFB2D497C
:109410000978491EC8B200F025FB2A49888900F066
:109420002DFB201200F01EFBE0B200F01BFB2549D3
:109430004988491EC1F30F2000F014FB21498978A7
:10944000491EC8B200F00EFB3AE01E48808845F283
:109450001051884220D11B49488900F00FFB10129F
:1094600000F000FB17494989491C88B200F006FB4F
:10947000D0B200F0F7FA1349888900F0FFFA201201
:1094800000F0F0FA0F498989491C88B200F0F6FA19
:10949000E0B200F0E7FA13E00A49488900F0EEFA7A
:1094A000101200F0DFFAD0B200F0DCFA054988892A
:1094B00000F0E4FA201200F0D5FAE0B200F0D2FA9F
:1094C00010BD0000D40300202DE9F04104460D46F4
:1094D0001E46A018401E87B2A819401E1FFA80F829
:1094E0005448808841F66311884231D151488079CF
:1094F00001282DD04F480088801A001B84B2A8197B
:10950000401E86B24B49488900F0B8FA201200F09C
:10951000A9FAE0B200F0A6FAA118491EC1F30F2083
:1095200000F0A0FAA118491EC8B200F09BFA414908
:10953000888900F0A3FA281200F094FAE8B200F04B
:1095400091FA301200F08EFAF0B200F08BFA6EE071
:109550003848808845F21051884246D135494889BB
:1095600000F08CFA201200F07DFA32494989491C3A
:1095700088B200F083FAE0B200F074FA2D4949890C
:10958000891C88B200F07AFA381200F06BFA294987
:109590004989C91C88B200F071FAF8B200F062FA89
:1095A0002449888900F06AFA281200F05BFA214900
:1095B0008989491C88B200F061FAE8B200F052FAD9
:1095C0001C498989891C88B200F058FA4FEA282082
:1095D00000F048FA17498989C91C88B200F04EFA90
:1095E00008F0FF0000F03EFA21E01249488900F03F
:1095F00045FA201200F036FAE0B200F033FA3812E1
:1096000000F030FAF8B200F02DFA0A49888900F02B
:1096100035FA281200F026FAE8B200F023FA4FEAF1
:10962000282000F01FFA08F0FF0000F01BFABDE848
:10963000F0810000D40300202DE9FC4F80460E4647
:1096400015461C46B3460020019000902046E317C3
:1096500004EB5373DB1021464FEAE47C04EB5C7CA3
:109660004FEAEC0CA4EBCC0CBCF1000F02D04FF095
:10967000010C01E04FF0000C6344224604EBD27C65
:109680004FEA6C0C03FB0CF3DBB20193A5F1200055
:10969000C5B20C2C06D0102C0BD0182C0ED0202CC0
:1096A00018D112E005EB45002D4901EB8000009038
:1096B00012E02C4800EB051000900DE005EBC50012
:1096C000294901EB8000009006E0284800EB851056
:1096D000009001E0BDE8FC8F00BF00273AE0009851
:1096E00010F807904FF0000A2EE009F0800028B132
:1096F000314640460C9AFCF727FF07E00B9828B943
:109700001B48314602684046FCF71EFF4FEA49609D
:109710004FEA1069701C86B216484088B04200DCDF
:10972000D8E7A6EB0B00A0420AD15E4608F1010083
:109730001FFA80F80F480088404500DCCAE706E0C1
:109740000AF1010000F0FF0ABAF1080FCDDB00BFFB
:10975000781CC7B201988742C1DB00BFBAE700009E
:10976000A4CE000818D3000808D9000864E6000851
:1097700048000020D40300202DE9FF5F07468846FB
:1097800015461C46DDE90E9B3E46C2461D48008834
:10979000039031E0207880281EDD6078E0B1002061
:1097A000029020788DF8080060788DF80900711912
:1097B0000398814204DD3E460AEB05001FFA80FA59
:1097C00002AB2A4651463046CDE9009B00F068F8CE
:1097D000701986B2A41C0FE00120CDE9000922789F
:1097E0002B4651463046FFF727FF284605EBD07140
:1097F00006EB61018EB2641C20780028CAD1BDE856
:10980000FF9F0000D40300202DE9FF4F83B00746DF
:1098100091461E46DDE9105A0020029000243AE0ED
:10982000301B401EC1B20A20FFF788FCB9FBF0F0E4
:109830000A21B0FBF1F201FB12080298B8B9701EC0
:10984000A04214DDB8F1000F0FD10120AB4605EBAB
:10985000DB71491001FB0471CDE9000A88B22B4687
:1098600020220499FFF7E8FE13E001200290012076
:10987000AB4605EBDB71491001FB0471CDE9000A31
:1098800088B208F13001CAB22B460499FFF7D4FE22
:1098900000BF601CC4B2B442C2DB07B0BDE8F08FA9
:1098A0002DE9FF5F05460E4614469B460E9F214656
:1098B0005846FBF7C9FF02900298FF2822D13019C1
:1098C000401E83B22819401E82B2314628460097B6
:1098D000FCF74AFE3019401E83B22819401E82B29E
:1098E000314628460097FCF7D8FD3119491E8BB246
:1098F0002919491E88B22A4631460097FCF7CDFD4A
:10990000BDE8FF9F029800EBC000234901EBC000B7
:1099100003902046E11704EB5171C1F3C70A2346B7
:10992000224631462846FFF7CFFD00F0B3F84FF04E
:10993000000822E04FF0000919E008FB0A910398A3
:10994000405C019000200CE001218140019A11400F
:1099500011B112490F8002E0104A0F991180411C89
:10996000C8B20828F0DB09F101001FFA80F9D145DF
:10997000E3DB08F101001FFA80F8A045DADB0848B4
:109980004388028800210846FFF79EFD0021084613
:10999000FFF70AFD00BFB3E724FE00080008006CD3
:1099A000D40300202DE9FC4F04460D46904699460D
:1099B000DDE90C7A0B9E04F0FF0B08EB04001FFAA4
:1099C00080F809EB05001FFA80F917E0444502DB37
:1099D0005C46A81985B24D4500DB15E00120CDE9B4
:1099E000000A3A78334629462046FFF725FE3046DE
:1099F00006EBD07104EB61018CB27F1C38787E28B5
:109A000002DC38782028E1DA00BFBDE8FC8F0000D6
:109A10002DE9F0470446BE2000F030F8052000F0A4
:109A200021F82046F6F7C1FD07464FF066320C4B91
:109A3000F6F7C0FC0546F6F7D9FD1FFA80F948464F
:109A400000F010F8012000F00DF8FF2000F00AF8F7
:109A5000002000F007F8002000F004F8BDE8F087CF
:109A60006666044001B5BDF800000090BDF8000036
:109A70000149088008BD00000008006C01B5BDF870
:109A800000000090BDF800000149088008BD0000FA
:109A9000FE07006C024800890249088070470000F8
:109AA000D4030020FE07006C024A1080921C118033
:109AB00070470000FE07006CF8F73CFAFAF7EEFB7F
:109AC000F7F714F8FAF78CF8F9F79AFFFAF75AF95A
:109AD000FAF7F6F9F9F774FFFAF736F9FAF726F814
:109AE000FAF784F9FFF7AAF9FCF770FC4FF4784015
:109AF000FCF79CFB012211460C48F7F779FE002188
:109B00000B48F9F72DFA01F0B7FB18B909A0FAF7DD
:109B1000DFFF02E00EA0FAF7DBFF00F091F8F9F7A3
:109B200091FF00F0ADF800BFFEE70000000C01401F
:109B300030020020546F7563682073637265656E30
:109B40002063616C69627261746564210D0A0000B2
:109B5000546F7563682073637265656E206E65650A
:109B600064732063616C6962726174696F6E210D48
:109B70000A00000070B50546FAF7EDFF48B9FAF79C
:109B8000EDFF30B908480068022805D1FAF7E0FF78
:109B900010B16FF0050404E0002415B1284602F06E
:109BA00033F8204670BD0000F800002070B5044670
:109BB0000026FAF7D0FF00BBFAF7D0FFE8B9124849
:109BC0000068022802D1FAF7C3FFB0B94FF0FF35A1
:109BD00064B1A06820B1E068202801D3012506E027
:109BE000A06820B9E06810B9002500E00025012D2B
:109BF00004D1A06802F03FF9064603E015B902F06F
:109C00002BF90646304670BDF800002010B5FAF773
:109C1000A2FF48B9FAF7A2FF30B908480068022845
:109C200006D1FAF795FF18B102F02CFE044602E0C7
:109C300002F022FE0446204610BD0000F80000207D
:109C400010B5FAF788FF48B9FAF788FF30B90B4822
:109C50000068022805D1FAF77BFF10B16FF0050408
:109C600009E00648006820B9012004490860002482
:109C700001E04FF0FF34204610BD0000F800002046
:109C800010B5FAF768FF48B9FAF768FF30B90C4821
:109C90000068022805D1FAF75BFF10B16FF00504E8
:109CA0000CE007480068012806D10220044908603A
:109CB00002F026F8002401E04FF0FF34204610BDEA
:109CC000F80000202DE9F84305460E4614464FF0F3
:109CD0000009FAF740FF00284BD1FAF73FFF0028B0
:109CE00047D125480068022803D1FAF731FF002840
:109CF0003FD1002D3DD0002E3BD04FF0FF37BCB1FF
:109D0000A06858B1E068502808D3206930B105FB3D
:109D100006F06169814201D301270AE0A06840B9D9
:109D2000E06830B9206920B9606910B9002700E007
:109D30000027012F09D10020009031462846A36852
:109D4000226902F0F6F9814606E02FB90022314679
:109D5000284602F0BFF98146B9F1000F09D014B1CD
:109D6000D4F8008001E04FF000084146484601F079
:109D7000DDFE4846BDE8F883F80000202DE9F047F5
:109D800004460026FAF7E7FE002859D1FAF7E6FE66
:109D9000002855D12C480068022803D1FAF7D8FED4
:109DA00000284DD10CB1676800E0002707F00100E2
:109DB00008B1012500E0002507F0080008283FD081
:109DC0004FF0FF3874B1A06828B1E068502802D382
:109DD0004FF0010808E0A06830B9E06820B94FF002
:109DE000000801E04FF00008B8F1010F0CD12DB1CF
:109DF0000420A16802F059F9064612E00120A1688A
:109E000002F053F906460CE0B8F1000F09D125B174
:109E1000042002F039F9064603E0012002F034F98B
:109E200006464EB114B1D4F8009001E04FF000099D
:109E30004946304601F07AFE16B10DB146F00106F2
:109E40003046BDE8F0870000F80000202DE9F84317
:109E500005460F4614464FF00008FAF77CFE00282E
:109E600064D1FAF77BFE002860D1324800680228EE
:109E700003D1FAF76DFE002858D1002D56D0AF421D
:109E800054D84FF0FF3664B1A06820B1E068502884
:109E900001D3012606E0A06820B9E06810B90026C9
:109EA00000E00026701C70B3012D23D1012E09D1D2
:109EB00003200090002211460120A36802F039F926
:109EC000804605E003220021012002F003F98046CC
:109ED000B8F1000F1DD0E7B100231A4619464046DD
:109EE00002F0E2F9012814D0404601F035FE4FF0AF
:109EF00000080EE0012E07D139462846A26802F07C
:109F000091F8804605E011E03946284602F05CF8F9
:109F10008046B8F1000F09D014B1D4F8009001E0E8
:109F20004FF000094946404601F000FE4046BDE8BA
:109F3000F8830000F80000202DE9F04786B0804645
:109F40008946144600200490FAF705FE00285DD1EA
:109F5000FAF704FE002859D12D480068022803D1E1
:109F6000FAF7F6FD002851D1B8F1000F4ED0802647
:109F70001825002005900DF1140A471E44B32068EF
:109F800008B1D4F800A0A06900B1A5692DB1382DA1
:109F900003D8207900F0010018B1002006B0BDE818
:109FA000F087606908B160698608A06840B1E06820
:109FB0005C2805D3206918B1606908B1012708E061
:109FC000A06830B9E06820B9206910B9002700E026
:109FD0000027012F0CD12169A0684B463246CDE9FC
:109FE000005102905146404602F0DAFB04900DE029
:109FF00067B904A8B2B24B465146CDE9005040467D
:10A0000002F09CFB012801D0002004900498C5E7D1
:10A01000F80000202DE9FE4F0646894692461C4670
:10A0200000200290FAF797FD002851D1FAF796FD2B
:10A0300000284DD128480068022803D1FAF788FD8E
:10A04000002845D1002E43D0082000F063FD0546CE
:10A05000002D3DD02E60C5F804A0B9F1000F01D14C
:10A06000002700E001274FF0FF384FF0000B94B1BC
:10A07000206808B1D4F800B0A06828B1E0683028A2
:10A0800002D34FF0010808E0A06830B9E06820B9B9
:10A090004FF0000801E04FF00008B8F1010F0BD1BC
:10A0A0000E49A0682B463A46CDE9001001215846DA
:10A0B00002F0CFFD02900BE0B8F1000F08D1074885
:10A0C0002B463A4601210090584602F0A7FD029027
:10A0D0000298BDE8FE8F0000F8000020034600084B
:10A0E0002DE9F04105460E461648076816480068F7
:10A0F000001D01F0D7FB681C38B936B11248016861
:10A10000091D124801F024FC1AE07C190E48006871
:10A110004460BC4207D20C480168091D0C48006825
:10A1200001F0FCFB0CE008480168091D09480068C3
:10A1300001F0F4FB08480068844201D2064804603C
:10A14000BDE8F081BC000020A8000020D408002059
:10A15000B0000020AC000020D800002010B504465C
:10A1600001F002FC24480068401C23490860234891
:10A17000006840B9214804600846006801280DD1F4
:10A1800000F02CFA0AE01E48006838B91B48006845
:10A19000C06AE16A884201D818480460194800681A
:10A1A000401C184908600846006860641649E06A67
:10A1B0000968884202D91449E06A0860E16A01EB43
:10A1C0008101124A02EB8100211D01F0C1FB01F067
:10A1D000F5FB0B48006868B108480068C06AE16A8E
:10A1E000884207D24FF0805009490860BFF34F8F73
:10A1F000BFF36F8F10BD0000B8000020A800002042
:10A20000C4000020D4000020C0000020240400204E
:10A2100004ED00E008B501F0A7FB12480068E8B9BA
:10A22000114801F06BFB114801F068FB0E48104922
:10A2300008600E480F49086000200F4B0F4A10219C
:10A2400000900A2001F075FF064908600846006882
:10A2500020B10BA10348006801F068FC01F0AEFBDF
:10A2600008BD0000EC000020E8080020FC080020E9
:10A27000E4000020E8000020100900206009002010
:10A28000546D72510000000010B516E001F06CFB37
:10A290000C48C068C468201D01F004FB0A4800682F
:10A2A000401E0949086009480068401E07490860C7
:10A2B00001F084FB204600F05EF8044800680028A6
:10A2C000E4D110BDC0080020B8000020B400002078
:10A2D00070B504460D46206C70B1216CE0680844EE
:10A2E000E0606168E068884201D32068E060284649
:10A2F000226CE168F5F796FF70BD2DE9F041044648
:10A300000F4615464FF00008A66B206C40B9206838
:10A3100060BB606802F062FB80460020606025E060
:10A320007DB93946226CA068F5F77CFF216CA068E6
:10A330000844A060D4E90110884217D32068A060C7
:10A3400014E03946226CE068F5F76CFF216CE06898
:10A35000401AE0602168E068884203D2216C60689E
:10A36000401AE060022D01D106B1761E701CA06378
:10A370004046BDE8F08110B5044694F8590030B964
:10A38000206B01F039FB204601F036FB1AE094F80F
:10A390005900012803D1204601F02EFB12E094F869
:10A3A0005900022801D1012000E0002050B900BF6F
:10A3B000502080F31188BFF34F8FBFF36F8F00BF22
:10A3C00000BFFEE710BD00000146084A126812688F
:10A3D0000AB9012200E000220A600A6822B9034A91
:10A3E0001268D268106800E000207047E400002086
:10A3F00030B54FF44063174800F007042CB1C01D7E
:10A4000020F00700134C041B1B1B0246124C226059
:10A410000024114D6C60D018083820F007000F4C54
:10A42000206000240D4D2D686C600C4D2D682C6053
:10A430001146441A4C60094C24680C60084D4C6865
:10A440002C60084D4C682C604FF00044064D2C6089
:10A4500030BD0000B8100020FC00002004010020E6
:10A460000C010020080100201001002000BFFFF7B0
:10A470000BFF064800680128F9D94FF080500449C5
:10A480000860BFF34F8FBFF36F8FF0E72404002005
:10A4900004ED00E010B504464CB10020606020607F
:10A4A000E06000231A461946204601F0FDFE10BD6B
:10A4B0002DE9F04106460D4617469846069C0DB913
:10A4C000246000E02760E66325640121204601F056
:10A4D0009FFE84F84C80BDE8F0812DE9F05F824654
:10A4E0000F4690469B460A9E0C9C4FEA8801A52287
:10A4F000206BF5F7A9FEA8F10100216B01EB8009A3
:10A5000029F0070909F0070008B9012000E0002040
:10A5100050B900BF502080F31188BFF34F8FBFF3B5
:10A520006F8F00BF00BFFEE7002507E0795D04F1F3
:10A5300034004155785D00B902E06D1C102DF5D353
:10A5400000BF002143200155382E00D33726E66294
:10A55000E66400202065201D01F0DDF904F11800FB
:10A5600001F0D9F92461C6F13800A06164620020CD
:10A57000606584F858005A465146484600F07EFB14
:10A5800020600B9808B10B980460BDE8F09F2DE99E
:10A59000F04706460D4617469846DDE908940DB18A
:10A5A000012000E0002050B900BF502080F3118846
:10A5B000BFF34F8FBFF36F8F00BF00BFFEE75CB1EB
:10A5C000FFF728FE2660A561E761C4F82080C4F883
:10A5D0002490201D01F09FF9BDE8F08710B50024FC
:10A5E00007E004EB84010F4A02EB810001F086F9D9
:10A5F000641C382CF5D30C4801F080F90B4801F0AD
:10A600007DF90B4801F07AF90A4801F077F90A4818
:10A6100001F074F9044809490860044808490860D1
:10A6200010BD0000240400208408002098080020A9
:10A63000AC080020C0080020D4080020AC00002096
:10A64000B000002010B50146164800E0006803681D
:10A650008B42FBD30246436813448B4204D14368C8
:10A660004C682344436001460A464B68134404681F
:10A67000A34211D10C4C03682468A34208D04B6854
:10A680000468646823444B6003681B680B6005E042
:10A69000054B1B680B6001E003680B60884200D02B
:10A6A000016010BDFC000020040100202DE9F041F4
:10A6B00004460D4616461F464FF0000865602461AB
:10A6C000B5420CD8F01BA169884202D34FF00108B3
:10A6D00011E0211D0948006801F020F90BE0BE429D
:10A6E00004D2BD4202D34FF0010804E0211D04480A
:10A6F000006801F013F94046BDE8F081E800002051
:10A70000E400002070B5054601F02EF9A86B08B9E9
:10A71000012400E0002401F051F9204670BD70B51D
:10A72000054601F021F9A86BE96B884201D10124AB
:10A7300000E0002401F042F9204670BDF8B505465E
:10A740000F4616480068C068C468201D01F0AAF8CA
:10A75000E06901281DD1A06941192B463A462046DF
:10A76000FFF7A4FFA8B1002003462A460146009047
:10A77000204602F0E3FA064656B900BF502080F3A7
:10A780001188BFF34F8FBFF36F8F00BF00BFFEE78D
:10A7900000BF2046616A8847F8BD0000E400002041
:10A7A000F0B587B082E00398002811DA04AE56B9FC
:10A7B00000BF502080F31188BFF34F8FBFF36F8F1E
:10A7C00000BF00BFFEE7D6E90020B168904700BF98
:10A7D000039800286ADB059C606908B9012000E045
:10A7E000002010B9201D01F05DF802A800F0C0F8AB
:10A7F000054603980A2857D2DFE800F0090507311B
:10A80000334F0608323400BF00BF00BF00BF0498BA
:10A81000A269811803462A462046FFF747FFE8B1A0
:10A820002046616A8847E069012817D1002000901E
:10A830000498A169421800231946204602F07EFAC6
:10A84000074657B900BF502080F31188BFF34F8FE0
:10A85000BFF36F8F00BF00BFFEE700BF25E000BF62
:10A8600023E000BF0498A061A06908B1012000E0C6
:10A87000002050B900BF502080F31188BFF34F8FE4
:10A88000BFF36F8F00BF00BFFEE7A06941192B46E1
:10A890002A462046FFF70AFF07E094F82C0010B97B
:10A8A000204601F0A9F800E000BF00BF002203A984
:10A8B0000448006801F048FE00287FF474AF07B038
:10A8C000F0BD0000EC000020F8B505460C4601F094
:10A8D00073FA684600F04CF80646009820BB44B96D
:10A8E000B54206D802F018F931462846FFF726FF90
:10A8F0001CE03CB10E480068006808B9012000E087
:10A9000000200446A91B22460A48006801F056F9B7
:10A9100002F002F950B94FF0805007490860BFF3C8
:10A920004F8FBFF36F8F01E002F0F6F8F8BD000023
:10A93000E8000020EC00002004ED00E00A4909686E
:10A94000096809B9012100E0002121B14FF0FF3170
:10A95000064A116006E004490968C968C868034AE4
:10A960004168116070470000AC000020D800002052
:10A9700070B5044601F080FF05460748006885422F
:10A9800004D200F00BF80120206001E000202060DC
:10A9900001480560284670BDF40000202DE9F84309
:10A9A00032E024480068C068056822480068C06832
:10A9B000C468201D00F076FF2046616A8847E06980
:10A9C000012821D1A0694619AE4207D966602461E9
:10A9D000211D1848006800F0A1FF15E00020034683
:10A9E0002A4601460090204602F0A8F9074657B9CA
:10A9F00000BF502080F31188BFF34F8FBFF36F8FDC
:10AA000000BF00BFFEE700BF0A480068006808B941
:10AA1000012000E000200028C3D00648D0F80080C4
:10AA200005480068034908600348C0F80080BDE895
:10AA3000F8830000E4000020E80000200E480068D1
:10AA4000401C08B9012000E0002050B900BF502090
:10AA500080F31188BFF34F8FBFF36F8F00BF00BF2C
:10AA6000FEE700BF502080F31188BFF34F8FBFF384
:10AA70006F8F00BF00BFFEE71401002008B500BFC4
:10AA80006846FFF7A1FC044620460099FFF71CFF2B
:10AA9000FFF786FEF4E770B5044600F065FF94F911
:10AAA000455010E0606A08B9012000E0002038B984
:10AAB00004F1240001F0E4FF18B101F0DFF800E038
:10AAC00003E0681E45B2002DECDC00BFFF2084F8D7
:10AAD000450000F073FF00F047FF94F9445010E088
:10AAE000206908B9012000E0002048B904F11000F5
:10AAF00001F0C6FF08B101F0C1F8681E45B200E0E0
:10AB000001E0002DECDC00BFFF2084F8440000F0E1
:10AB100055FF70BD2DE9F04104464FF0000801F0EB
:10AB20004BF94648006808B9FFF762FC44480068E2
:10AB3000204000286BD1D4B1083404F00700B0B134
:10AB400004F00700C0F10800044404F0070008B94D
:10AB5000012000E0002050B900BF502080F3118890
:10AB6000BFF34F8FBFF36F8F00BF00BFFEE7002C16
:10AB70004DD034480068844249D8334E3046056889
:10AB800001E02E462D686868A04202D2286800289D
:10AB9000F7D12A480068854239D0306800F10808AA
:10ABA000286830606868001B102819D92F1907F031
:10ABB000070008B9012000E0002050B900BF502074
:10ABC00080F31188BFF34F8FBFF36F8F00BF00BFBB
:10ABD000FEE76868001B78606C603846FFF732FD5E
:10ABE000184968680968081A164908600846006824
:10ABF00016490968884203D2124800681349086060
:10AC00000F4968680968084368600020286001F0FF
:10AC100083FF08F0070008B9012000E0002050B9C8
:10AC200000BF502080F31188BFF34F8FBFF36F8FA9
:10AC300000BF00BFFEE74046BDE8F08104010020F0
:10AC40001001002008010020FC0000200C01002061
:10AC500070B50446254654B900BF502080F31188D2
:10AC6000BFF34F8FBFF36F8F00BF00BFFEE700F051
:10AC70007BFE2E6A00F0A2FE304670BD001F4FF032
:10AC800080730360001F21F001030360001F034B6A
:10AC90000360143802602038704700003DAA0008A5
:10ACA0002DE9F04F8FB000200990089009904FF6E1
:10ACB000FF70FBF7BBFA4FF47840E94909681022AE
:10ACC0006423CDE900210290A02228210846FEF746
:10ACD00069FE4FF478421421084600F07DFA002006
:10ACE000E0498886B8E1DF48416801208847DD48AF
:10ACF000808E00F44040B0F5804F7CD10020089059
:10AD0000D848808E20F48040D649888608468189BC
:10AD10000AAA099822F82010D248018C099802EB5F
:10AD2000800041800998401CC0B20990099806280B
:10AD300013D2DFE800F0120313263C514FF6FF72E6
:10AD40001421084600F048FAC7490988143988B226
:10AD50004FF47842142100F03FFA6DE1C2490988AE
:10AD6000143988B24FF6FF72142100F035FABE484C
:10AD70004088143881B24FF47842142000F02CFA45
:10AD80005AE1B9484088143881B24FF6FF72142056
:10AD900000F022FAB44A5288143A91B2B24A1288A8
:10ADA000143A90B24FF4784200F016FA44E14FF6AC
:10ADB000FF70FBF73BFAAC4A5288079202EBD27263
:10ADC0005110A94A1288069202EBD27250104FF429
:10ADD000784200F001FA2FE1BDF82C00BDF82810F0
:10ADE000401A0FFA80F8BDF83400BDF83010401A50
:10ADF0000FFA80FA00E020E1BDF83610BDF82E0011
:10AE0000081A0FFA80F9BDF83200BDF82A10401A6E
:10AE10000FFA80FB5046F5F7B7FBCDE90601404637
:10AE2000F5F7B2FBCDE90401DDE90623F5F734FBC4
:10AE300006460F465846F5F7A7FBCDE906014846FA
:10AE4000F5F7A2FBCDE90401DDE90623F5F724FBC4
:10AE500004460D460022134630463946F5F7E0FB1E
:10AE600001D287F000470022134620462946F5F715
:10AE7000D7FB01D285F000454FF066327B4B304660
:10AE80003946F5F7CDFB6DD3794A7A4B30463946D2
:10AE9000F5F7DEFB66D34FF06632744B2046294649
:10AEA000F5F7BEFB5ED3724A724B20462946F5F792
:10AEB000CFFB57D3CDF80080B8F1000F01DB00982D
:10AEC00001E000984042B0F5805F4BDACDF8049085
:10AED000B9F1000F01DB019801E001984042B0F5A3
:10AEE000805F3FDACDF808A0BAF1000F01DB0298CD
:10AEF00001E002984042B0F5805F33DACDF80CB043
:10AF0000BBF1000F01DB039801E003984042B0F56C
:10AF1000805F27DACDF81080B8F1000F01DB0498CC
:10AF200001E004984042E8B1CDF81490B9F1000F67
:10AF300001DB059801E00598404298B1CDF818A0D2
:10AF4000BAF1000F01DB069801E00698404248B1D3
:10AF5000CDF81CB0BBF1000F01DB079801E00798AA
:10AF60004042F8B9002009903F4A5288079202EB0C
:10AF7000D27251103C4A1288069202EBD2725010E3
:10AF80004FF6FF7200F028F94FF47842142108467A
:10AF900000F022F932463B460AA8CDE9004500F010
:10AFA00077F859E03049098828394800F5F7E3FA7D
:10AFB000079008EB0A00F5F7DEFA06900799F5F717
:10AFC000BBF9284988632849498828394800F5F79A
:10AFD000D2FA079009EB0B00F5F7CDFA0690079926
:10AFE000F5F7AAF91F49C863BDF8380000B2A1F807
:10AFF0004000BDF83A0000B2A1F842004FF6FF70E1
:10B00000FBF714F91F201CA11022CDE900210290AA
:10B010001548438802886E212320FEF7C3FC4FF4B5
:10B020007A70F6F7DFF900F063FB4FF6FF70FBF77D
:10B03000FDF80FB0BDE8F08F00BF0A20F6F7D2F997
:10B040000898401C80B208900898B0F57A7F02DD1D
:10B0500000F0FEF801E000BF45E600BF00BFE8E7F2
:10B060006002010850000020D40300206666EE3F15
:10B07000CDCCCCCCCCCCF03F546F756368205363FF
:10B080007265656E2041646A757374204F4B2100B0
:10B090002DE9F04389B0814615461E46DDE910785A
:10B0A000002436E039F82430621C40A104A8F9F7E6
:10B0B0001FFD4FF4784004A91022CDE90021029031
:10B0C0003C484388028804EB84004FF0A00C0CEB52
:10B0D00080012820FEF766FC09EB84004388621C8F
:10B0E00035A104A8F9F704FD4FF4784004A9102213
:10B0F000CDE9002102902F484388028804EB8400A8
:10B100004FF0A00C0CEB80017820FEF74BFC601C8C
:10B11000C4B2052CC6DB4FF6FF70009025480088AE
:10B12000401E82B204EB8400A02303EB80011023B5
:10B130002820FDF759FE2A46334621A104A8F9F735
:10B14000D7FC00208DF817004FF4784004A9102296
:10B15000CDE90021029017484388028804EB84005F
:10B160004FF0A00C0CEB80012820FEF71BFC3A46A8
:10B17000434616A104A8F9F7BBFC00208DF8170080
:10B180004FF4784004A91022CDE90021029009482B
:10B190004388028804EB84004FF0A00C0CEB800184
:10B1A0007820FEF7FFFB09B0BDE8F0837825643A0C
:10B1B00025640000D40300207925643A256400004A
:10B1C00070783A25302E32660000000070793A25FA
:10B1D000302E326600000000F8B504460D461646D3
:10B1E00004F10D018AB2193988B22B46294600961E
:10B1F000FBF753F905F10D0083B2193881B22246ED
:10B2000020460096FBF749F96A1C91B2621C90B285
:10B210003246FBF799F96A1C91B2621E90B232462F
:10B22000FBF792F96A1E91B2621C90B23246FBF7AC
:10B230008BF96A1E91B2621E90B23246FBF784F916
:10B240003346062229462046FBF7D2F8F8BD000017
:10B2500070B5084C00250C2221462820FAF708F981
:10B260003420FAF717F905460A2D01D1012070BDE7
:10B270000020FCE78800002000B585B0002084494C
:10B2800081F84400084690F844008249897901F029
:10B29000010108437E4981F844007E48808847F2D6
:10B2A000967188420FD1FAF7D3FC60B97A48784991
:10B2B0004860084690F8440040F0800081F844005F
:10B2C000002005B000BD7348808845F210518842C7
:10B2D00017D07048808849F60601884211D06D4821
:10B2E000808844F2423188420BD06A48808844F218
:10B2F0008431884205D06748808841F2180188422D
:10B300000DD1FAF7A5FC644861494860084690F8F9
:10B31000440040F0800081F844000020D1E75D48FF
:10B32000808841F6631188420BD05A48808847F2E2
:10B330008401884205D05748808847F21601884228
:10B3400015D1FAF7BDFA18B954485149486004E0DC
:10B35000FAF77EFC50484E4948604D4890F844004A
:10B3600040F080004A4981F844000020A9E700BF6E
:10B3700000BF4B48806940F0800049498861084619
:10B38000806900F08000009000BF00BF00BF00BFD8
:10B3900000BF0846806940F08000886108468069E7
:10B3A00000F08000009000BF00BF00BF00BF00BFE2
:10B3B0000846806940F0080088610846806900F00E
:10B3C0000800009000BF00BF00BF00BF00BF0846DC
:10B3D000806940F0800088610846806900F0800044
:10B3E000009000BF00BF00BF00BF00BF08468069DB
:10B3F00040F0080088610846806900F0080000906D
:10B4000000BF00BF00BF081501900020029001207E
:10B4100003900320049001A92248F6F741F8042084
:10B42000019001A92048F6F73BF84FF40070019015
:10B430000120029003900320049001A91948F6F717
:10B440002FF80220019001A91748F6F729F84FF4C8
:10B450000060019001A91348F6F722F80C49203149
:10B46000A1F1140000F0CAF8F9F7D4FFFFF7F0FEDD
:10B4700008B1002025E74FF6FF70FAF7D7FEFFF777
:10B480000FFC00F035F9FFF7E3FE012019E700009B
:10B4900050000020D40300202D5E0008595A0008F7
:10B4A00000100240001C0140000C014070B506462F
:10B4B0000025002400BF002202213048F6F798F949
:10B4C00000BF00BF00224FF400712D48F6F790F93D
:10B4D00000BF00BF00224FF400612948F6F788F949
:10B4E00000BF304600F0AAF90620FAF795F900BF30
:10B4F000002202212148F6F77BF900BF0120FAF76C
:10B500008BF900BF012202211C48F6F771F900BF38
:10B510000120FAF781F900BF002202211748F6F74F
:10B5200067F900BF00BF1DE04FF6FF7000EA44045A
:10B5300000BF002202211148F6F75AF900BF01208E
:10B54000FAF76AF900BF012202210C48F6F750F918
:10B5500000BF04210948F6F743F908B1601C84B222
:10B56000681CC5B2102DDFDB241100BF0122D102FF
:10B570000348F6F73DF900BF204670BD000C0140BE
:10B58000001C01402DE9FE4380460027002406E010
:10B590004046FFF78BFF2DF81400601C84B2052C89
:10B5A000F6DB002416E0601C85B20FE03DF81400C5
:10B5B0003DF81510884207DD3DF814603DF8150090
:10B5C0002DF814002DF81560681C85B2052DEDDBF3
:10B5D000601C84B2042CE6DB0027012405E03DF862
:10B5E0001400384487B2601C84B2042CF7DB0320BB
:10B5F00097FBF0F086B23046BDE8FE832DE9F041BE
:10B6000006460F460D4890F8440000F0010040B196
:10B610009020FFF7B7FF0546D020FFF7B3FF0446A1
:10B6200007E0D020FFF7AEFF05469020FFF7AAFF06
:10B63000044635803C80BDE8F081000050000020C9
:10B640007FB504460D4602A903A8FFF7D7FF694658
:10B6500001A8FFF7D3FFBDF80400BDF80C10884225
:10B6600006DCBDF80C10BDF80400323081420CDB62
:10B67000BDF80C00BDF80410884237DCBDF804109A
:10B68000BDF80C003230814230DABDF80000BDF860
:10B690000810884206DCBDF80810BDF80000323002
:10B6A00081420CDBBDF80800BDF8001088421DDCAB
:10B6B000BDF80010BDF808003230814216DABDF83E
:10B6C0000C10BDF80420881800EBD071C1F34F01B5
:10B6D0002180BDF80810BDF80020881800EBD0715B
:10B6E000C1F34F012980012004B070BD0020FBE7A9
:10B6F00010B5054C0C2221462820F9F7E1FE0A215D
:10B700003420F9F7F1FE10BD880000202DE9F04744
:10B7100004464FF480614648F6F762F8002866D187
:10B720002CB14449A1F11400FFF78AFF4EE04149D2
:10B73000A1F11400FFF784FF002847D03E48058898
:10B7400005EBD5714810F4F716FF804639492039CA
:10B750008989384A203AB2F84020891A08B2F4F7A9
:10B760000AFF814633482038816B4846F4F7E4FDF0
:10B7700007464146F4F788FD0646F4F723FF2D49B6
:10B78000203988812C48458805EBD5714810F4F79D
:10B79000F2FE804627492039098C264A203AB2F821
:10B7A0004220891A08B2F4F7E6FE81462148203883
:10B7B000C16B4846F4F7C0FD07464146F4F764FD07
:10B7C0000646F4F7FFFE1B49203908841948203843
:10B7D000808E00F4004020BB4FF4404015492039D2
:10B7E000888608468189C183018C418619E0114809
:10B7F0002038808E00F4004040B10E482038808E02
:10B8000020F400400B49203988860AE000210948CD
:10B810002038C18341864FF6FF7006492039888160
:10B8200008840448203890F834000020BDE8F087F0
:10B83000001C014070000020D403002070B50446B5
:10B84000002500BF26E004F0800030B100BF0122D7
:10B8500051021248F5F7CCFF07E000BF00224FF479
:10B8600000710E48F5F7C4FF00BF6006040E00BF6C
:10B87000002202210A48F5F7BBFF00BF0120F9F7BB
:10B88000CBFF00BF012202210548F5F7B1FF00BF41
:10B89000681CC5B2082DD6DB70BD0000001C01403D
:10B8A000000C014001460A69D1E901309860D1E9F4
:10B8B000010358605068884201D1886850600020B8
:10B8C00008611068401E106010687047034B0360E9
:10B8D000034B0B608023136070470000000A0020B8
:10B8E0005C0A0020034B0360034B0B604FF4807332
:10B8F000136070475C0C0020B80C002000F10801B8
:10B9000041604FF0FF31816000F10801C1600161C9
:10B9100000210160704700210161704710B50246A7
:10B920000B685C1C0CB9106907E002F1080000E02C
:10B930004068446824689C42FAD944684C604C686A
:10B94000A160886041600A611468641C146010BDC5
:10B9500042684A6093688B6093685960916008619F
:10B9600003685B1C0360704700BF502080F31188A0
:10B97000BFF34F8FBFF36F8F00BF0E480068401CAE
:10B980000C49086008460068012812D10A4800687E
:10B99000C0B208B9012000E0002050B900BF50201B
:10B9A00080F31188BFF34F8FBFF36F8F00BF00BFCD
:10B9B000FEE770471401002004ED00E00D48006828
:10B9C00050B900BF502080F31188BFF34F8FBFF3F1
:10B9D0006F8F00BF00BFFEE706480068401E0549A4
:10B9E00008600846006820B9002080F3118800BF75
:10B9F00000BF70471401002070B506463546002E82
:10BA00003FD0083D2C461F4960680968084008B1CE
:10BA1000012000E0002050B900BF502080F31188C1
:10BA2000BFF34F8FBFF36F8F00BF00BFFEE72068EB
:10BA300008B9012000E0002050B900BF502080F379
:10BA40001188BFF34F8FBFF36F8F00BF00BFFEE7BA
:10BA50000C4960680968084098B1206888B90949AC
:10BA6000606809688843606000F0A6F9064960686C
:10BA700009680844044908602046FEF7E3FD01F028
:10BA80004BF870BD100100200801002000204FF08D
:10BA9000E02108618861064800684FF47A71B0FBC4
:10BAA000F1F0401E4FF0E021486107200861704727
:10BAB000A400002070B5F4F78FFB0446102C16D3B9
:10BAC00004F1E02090F8F05315480078854201DB3E
:10BAD000012000E0002050B900BF502080F3118801
:10BAE000BFF34F8FBFF36F8F00BF00BFFEE70D485E
:10BAF000006800F4E0600C490968884201D8012020
:10BB000000E0002050B900BF502080F31188BFF33F
:10BB10004F8FBFF36F8F00BF00BFFEE770BD000007
:10BB2000180100200CED00E01C010020024600205E
:10BB30000BE0084B53F8303033B9064B43F8301064
:10BB400003EBC0035A6002E0401C0828F1D300BF99
:10BB500070470000E403002070B50446254655B93F
:10BB600000BF502080F31188BFF34F8FBFF36F8F5A
:10BB700000BF00BFFEE7284600F008F895F8460031
:10BB800010B92846FFF738FF70BD000001460020BD
:10BB90000EE0094A02EBC00252688A4207D1002235
:10BBA000054B43F8302003EBC0035A6002E0401C11
:10BBB0000828EED300BF7047E40300202DE9F041D0
:10BBC00005460E4617462C46FFF7CEFE94F9440074
:10BBD000401C10B9002084F8440094F94500401C32
:10BBE00010B9002084F84500FFF7E8FEA06B28B9E3
:10BBF0003A46314604F1240000F062F82046FEF790
:10BC00004AFFBDE8F081000070B504460025D4B1BC
:10BC10001248006808B9012000E0002050B900BFB8
:10BC2000502080F31188BFF34F8FBFF36F8F00BF99
:10BC300000BFFEE700F0C0F800212046FEF750FAF2
:10BC400000F06AFF05463DB94FF080500449086096
:10BC5000BFF34F8FBFF36F8F70BD0000E000002077
:10BC600004ED00E003490968016003490968416087
:10BC700070470000D0000020BC00002001200149D6
:10BC800008607047CC00002070B504460D4654B9DA
:10BC900000BF502080F31188BFF34F8FBFF36F8F29
:10BCA00000BF00BFFEE70548016818312046FFF7D6
:10BCB00035FE01212846FEF713FA70BDA8000020CA
:10BCC00070B505460E46144655B900BF502080F3A6
:10BCD0001188BFF34F8FBFF36F8F00BF00BFFEE728
:10BCE0000648016818312846FFF732FE0CB14FF0C4
:10BCF000FF3621463046FEF7F3F970BDA80000205C
:10BD000010B586B000200590049003AA04A905A8E8
:10BD1000FFF7DCFD0022DDE904101346CDE9002128
:10BD200002901EA11F48039A00F03AFD1E490860C8
:10BD30000846006808B1012400E00024012C02D16B
:10BD400000F0C0FF0446012C15D100BF502080F345
:10BD50001188BFF34F8FBFF36F8F00BF4FF0FF30DD
:10BD6000124908600120124908600020114908604A
:10BD700000F0AEF810E0601C08B1012000E00020E7
:10BD800050B900BF502080F31188BFF34F8FBFF32D
:10BD90006F8F00BF00BFFEE706B010BD49444C45A1
:10BDA000000000006DA40008DC000020D800002086
:10BDB000C4000020BC00002002480068401C01496B
:10BDC00008607047E00000201E48006818B101209C
:10BDD0001D49086034E000201B4908601B480168C9
:10BDE0000CE051B900BF502080F31188BFF34F8F92
:10BDF000BFF36F8F00BF00BFFEE7491E01EB81005C
:10BE0000134A52F8200008B9012000E00020002861
:10BE1000E7D101EB81020E4B03EB820042685268CE
:10BE2000426000F108024368934202D142685268BE
:10BE300042604268D268074B1A600448016000BF44
:10BE400070470000E0000020CC000020C00000206F
:10BE500024040020A800002010B52020FEF75AFE80
:10BE6000044634B100202060201DFFF747FD00206C
:10BE70002077204610BD38B5054655B900BF502083
:10BE800080F31188BFF34F8FBFF36F8F00BF00BFE8
:10BE9000FEE7202000900098202801D1012000E03A
:10BEA000002050B900BF502080F31188BFF34F8F9E
:10BEB000BFF36F8F00BF00BFFEE72C4634B10020F8
:10BEC0002060201DFFF71AFD01202077204638BD95
:10BED0001CB53849084600780190FF200A461070CA
:10BEE0000846007800909DF8000000F0F0009DF8F2
:10BEF0000020904201D1012000E0002050B900BF95
:10BF0000502080F31188BFF34F8FBFF36F8F00BFB6
:10BF100000BFFEE79DF8000000F05000264A1070B8
:10BF20000720264A106009E024480068401E234A82
:10BF300010609DF800004006000E00909DF8000083
:10BF400000F080008028EFD01C480068C0F1070096
:10BF5000042801D1012000E0002050B900BF50208A
:10BF600080F31188BFF34F8FBFF36F8F00BF00BF07
:10BF7000FEE7124800680002104A10601046008870
:10BF800000F4E06010600B4A019810700C480068E3
:10BF900040F470000A4908600846006840F07040AC
:10BFA0000860FFF773FD002006490860F4F7DEF82B
:10BFB00000201CBD00E400E0180100201C0100204E
:10BFC00020ED00E01401002070B505460E460DB1CD
:10BFD000012000E0002050B900BF502080F31188FC
:10BFE000BFF34F8FBFF36F8F00BF00BFFEE7AE42BE
:10BFF00001D8012000E0002050B900BF502080F39C
:10C000001188BFF34F8FBFF36F8F00BF00BFFEE7F4
:10C0100002220021284600F05DF8044604B1A66320
:10C02000204670BDF8B505460E4617460DB10120F5
:10C0300000E0002050B900BF502080F31188BFF30A
:10C040004F8FBFF36F8F00BF00BFFEE7AE4201D836
:10C05000012000E0002050B900BF502080F311887B
:10C06000BFF34F8FBFF36F8F00BF00BFFEE702200B
:10C070003B46002211460090284600F05AF804463C
:10C0800004B1A6632046F8BD2DE9F041044601261F
:10C09000002722460021012000F01CF80546284612
:10C0A000FEF7F8F92846BDE8F0812DE9F84304468B
:10C0B0000D4601274FF000082B46002211460120B3
:10C0C000009400F036F806463046FEF7E3F93046B5
:10C0D000BDE8F8832DE9F84305460E4690460DB1BC
:10C0E000012000E0002050B900BF502080F31188EB
:10C0F000BFF34F8FBFF36F8F00BF00BFFEE70EB9D6
:10C10000002701E005FB06F707F15000FEF702FDEE
:10C1100004465CB104F15009002084F8460043460F
:10C120004A46314628460094FEF7C2F92046BDE84B
:10C13000F8832DE9F84380460E4617461D46DDF884
:10C140002090B8F1000F01D0012000E0002050B98C
:10C1500000BF502080F31188BFF34F8FBFF36F8F64
:10C1600000BF00BFFEE70DB1012000E0002050B984
:10C1700000BF502080F31188BFF34F8FBFF36F8F44
:10C1800000BF00BFFEE707B10EB1012000E00020B4
:10C1900050B900BF502080F31188BFF34F8FBFF319
:10C1A0006F8F00BF00BFFEE707B90EB9012000E0A6
:10C1B000002050B900BF502080F31188BFF34F8F8B
:10C1C000BFF36F8F00BF00BFFEE7502000900098C4
:10C1D000502801D1012000E0002050B900BF5020BC
:10C1E00080F31188BFF34F8FBFF36F8F00BF00BF85
:10C1F000FEE72C464CB1012084F846004B463A46F7
:10C20000314640460094FEF753F92046BDE8F883D6
:10C2100070B505460E462C4654B900BF502080F339
:10C220001188BFF34F8FBFF36F8F00BF00BFFEE7D2
:10C23000FFF79AFBD4E90F12206801FB020060604F
:10C240000020A0632068A060E06B401E226C216883
:10C2500000FB0210E060FF2084F8440084F84500F1
:10C260009EB9206908B9012000E00020A8B904F1B6
:10C27000100000F005FC80B14FF0805009490860C3
:10C28000BFF34F8FBFF36F8F07E004F11000FFF78C
:10C2900035FB04F12400FFF731FBFFF78FFB012092
:10C2A00070BD000004ED00E02DE9FF4383B00646B9
:10C2B00088461D464FF00009344654B900BF50204F
:10C2C00080F31188BFF34F8FBFF36F8F00BF00BFA4
:10C2D000FEE7B8F1000F01D1206C08B9012000E0A1
:10C2E000002050B900BF502080F31188BFF34F8F5A
:10C2F000BFF36F8F00BF00BFFEE7022D02D1E06BDE
:10C30000012801D1012000E0002050B900BF5020D9
:10C3100080F31188BFF34F8FBFF36F8F00BF00BF53
:10C32000FEE700F099FA08B9059808B9012000E085
:10C33000002050B900BF502080F31188BFF34F8F09
:10C34000BFF36F8F00BF00BFFEE700BFFFF70CFB1E
:10C35000A06BE16B884201D3022D28D12A464146C9
:10C360002046FDF7CAFF0746606A08B9012000E0D1
:10C37000002068B904F1240000F082FB88B14FF07E
:10C38000805032490860BFF34F8FBFF36F8F08E0D2
:10C390003FB14FF080502D490860BFF34F8FBFF37E
:10C3A0006F8FFFF70BFB012007B0BDE8F083059806
:10C3B00018B9FFF703FB0020F6E7B9F1000F04D12D
:10C3C00001A8FFF74FFC4FF00109FFF7F7FAFFF75D
:10C3D000F3FCFFF7C9FA94F94400401C10B900209F
:10C3E00084F8440094F94500401C10B9002084F8FA
:10C3F0004500FFF7E3FA05A901A800F059F9F0B9E3
:10C400002046FEF78CF9A0B104F110000599FFF762
:10C410003BFC2046FEF73FFB00F07EFB002895D159
:10C420004FF0805009490860BFF34F8FBFF36F8F03
:10C430008CE72046FEF72FFB00F06EFB86E72046D8
:10C44000FEF729FB00F068FB0020ADE704ED00E0FB
:10C450002DE9F05F07468A4690461E463C4654B991
:10C4600000BF502080F31188BFF34F8FBFF36F8F51
:10C4700000BF00BFFEE7BAF1000F01D1206C08B980
:10C48000012000E0002050B900BF502080F3118847
:10C49000BFF34F8FBFF36F8F00BF00BFFEE7022EC9
:10C4A00002D1E06B012801D1012000E0002050B949
:10C4B00000BF502080F31188BFF34F8FBFF36F8F01
:10C4C00000BF00BFFEE7FFF7F5FA00BF5021EFF312
:10C4D000118081F31188BFF34F8FBFF36F8F00BFBF
:10C4E0000546A06BE16B884201D3022E23D194F95B
:10C4F00045B0324651462046FDF7FFFE0BF10100E4
:10C5000088B9606A08B9012000E0002080B904F110
:10C51000240000F0B5FA58B1B8F1000F08D001209E
:10C52000C8F8000004E00BF1010040B284F84500B7
:10C530004FF0010901E04FF0000900BF85F31188B9
:10C5400000BF4846BDE8F09F2DE9F74183B005469E
:10C550000E464FF000082C4654B900BF502080F31F
:10C560001188BFF34F8FBFF36F8F00BF00BFFEE78F
:10C570000EB9206C08B9012000E0002050B900BFBE
:10C58000502080F31188BFF34F8FBFF36F8F00BF30
:10C5900000BFFEE700F060F908B9059808B901206E
:10C5A00000E0002050B900BF502080F31188BFF395
:10C5B0004F8FBFF36F8F00BF00BFFEE700BFFFF7D5
:10C5C000D3F9A76BF7B131462046FDF781FE781EFF
:10C5D000A063206908B9012000E0002060B904F1DF
:10C5E000100000F04DFA38B14FF080502F4908602C
:10C5F000BFF34F8FBFF36F8FFFF7E0F9012006B055
:10C60000BDE8F081059818B9FFF7D8F90020F6E7E2
:10C61000B8F1000F04D101A8FFF724FB4FF0010887
:10C62000FFF7CCF9FFF7C8FBFFF79EF994F9440038
:10C63000401C10B9002084F8440094F94500401CC7
:10C6400010B9002084F84500FFF7B8F905A901A842
:10C6500000F02EF8F0B92046FEF754F8A0B104F12E
:10C6600024000599FFF710FB2046FEF714FA00F0AE
:10C6700053FA0028A3D14FF080500C490860BFF353
:10C680004F8FBFF36F8F9AE72046FEF704FA00F052
:10C6900043FA94E72046FEF7FEF900F03DFA204603
:10C6A000FEF730F800288AD00020A8E704ED00E06B
:10C6B00070B505460C4655B900BF502080F311886F
:10C6C000BFF34F8FBFF36F8F00BF00BFFEE754B9BA
:10C6D00000BF502080F31188BFF34F8FBFF36F8FDF
:10C6E00000BF00BFFEE7FFF73FF912480268686825
:10C6F000131A2068401C08B9002617E00E49286864
:10C700000968884204D06868904201D801260DE08B
:10C710002068984207D92068C01A20602846FFF791
:10C72000A1FA002602E0002020600126FFF746F96A
:10C73000304670BDBC000020D00000202DE9FF4F26
:10C7400085B0804689461746DDE912ABB800FEF792
:10C75000E1F9064656B15C20FEF7DCF904460CB15F
:10C76000266304E03046FFF747F900E000248CB16F
:10C77000002084F85900CDE900ABCDE902403A46EB
:10C7800049464046089BFDF7A8FE2046FDF7E6FC1B
:10C79000012501E04FF0FF35284609B0BDE8F08FD4
:10C7A0002DE9F04F85B00746884691469A46DDE967
:10C7B0000EB6109C0EB1012000E0002050B900BF61
:10C7C000502080F31188BFF34F8FBFF36F8F00BFEE
:10C7D00000BFFEE70CB1012000E0002050B900BF0F
:10C7E000502080F31188BFF34F8FBFF36F8F00BFCE
:10C7F00000BFFEE75C20039003985C2801D1012074
:10C8000000E0002050B900BF502080F31188BFF332
:10C810004F8FBFF36F8F00BF00BFFEE7B4B1AEB163
:10C8200025462C462E63022085F85900002004A9D5
:10C8300053464A46CDE900B1CDE90250414638465B
:10C84000FDF74BFE2846FDF789FC01E0002004902F
:10C85000049805B0BDE8F08F0549096809B90120C1
:10C8600005E00449096809B9022000E0002070478A
:10C87000C4000020E0000020014908687047000063
:10C88000BC00002070B5FFF715F9002501480468C9
:10C89000204670BDBC0000202DE9F0414FF000089B
:10C8A00043480068002876D142480068451C41484A
:10C8B000056015BB40480068006808B9012000E029
:10C8C000002050B900BF502080F31188BFF34F8F74
:10C8D000BFF36F8F00BF00BFFEE7374807683748D8
:10C8E0000068354908603548076035480068401CD5
:10C8F00033490860FEF722F800BF324800688542DD
:10C900003BD300BF2C480068006808B9012000E054
:10C91000002020B14FF0FF302A4908602CE0264863
:10C920000068C068C4686668B54202D225480660DF
:10C9300022E0201DFEF7B6FFA06A18B104F118002E
:10C94000FEF7B0FF2049E06A0968884202D91E4913
:10C95000E06A0860E16A01EB81011C4A02EB810098
:10C96000211DFEF7F5FF1A49E06A0968C96A884285
:10C97000C8D34FF00108C5E700BF15480068C06A7A
:10C9800000EB8000114951F82000012801D94FF037
:10C99000010805E0FFE70F480068401C0D490860EA
:10C9A0000D48006808B14FF001084046BDE8F0812D
:10C9B000E0000020BC000020AC000020B0000020FF
:10C9C000D0000020D8000020C00000202404002057
:10C9D000A8000020C8000020CC00002070B505464B
:10C9E0002C460026002D43D022480068844201D105
:10C9F000012000E0002050B900BF502080F31188D2
:10CA0000BFF34F8FBFF36F8F00BF00BFFEE7206DF6
:10CA100050B900BF502080F31188BFF34F8FBFF390
:10CA20006F8F00BF00BFFEE7206D401E2065E16CE8
:10CA3000E06A88421CD0206DD0B9201DFEF732FF7D
:10CA4000E06CE062E06AC0F13800A0610A49E06A87
:10CA50000968884202D90849E06A0860E16A01EB86
:10CA60008101064A02EB8100211DFEF771FF0126BC
:10CA7000304670BDA8000020C00000202404002023
:10CA800070B50646F068C46854B900BF502080F302
:10CA90001188BFF34F8FBFF36F8F00BF00BFFEE75A
:10CAA00004F11800FEF7FEFE15480068A0B9201D2D
:10CAB000FEF7F8FE1349E06A0968884202D9114975
:10CAC000E06A0860E16A01EB81010F4A02EB810034
:10CAD000211DFEF73DFF04E004F118010B48FEF7AD
:10CAE00037FF0B49E06A0968C96A884204D9012501
:10CAF00001200849086000E00025284670BD0000BC
:10CB0000E0000020C000002024040020AC08002029
:10CB1000A8000020CC00002070B500240026364874
:10CB2000006850B900BF502080F31188BFF34F8FC9
:10CB3000BFF36F8F00BF00BFFEE7FEF715FF2E4863
:10CB40000068401E2C4908600846006800284ED145
:10CB50002A48006800284AD023E02948C068C468F1
:10CB600004F11800FEF79EFE201DFEF79BFE2549EE
:10CB7000E06A0968884202D92249E06A0860E16AED
:10CB800001EB8101204A02EB8100211DFEF7E0FE4E
:10CB90001E49E06A0968C96A884202D301201C491B
:10CBA00008601748006808B9012000E0002000284C
:10CBB000D3D00CB1FDF7C2FE1648056865B100BFC1
:10CBC000FFF76AFE10B10120114908606D1E002DAB
:10CBD000F6D100200F4908600D48006838B10126E1
:10CBE00030070D490860BFF34F8FBFF36F8FFEF71B
:10CBF000E5FE304670BD0000E0000020B8000020D7
:10CC0000AC080020C000002024040020A800002060
:10CC1000CC000020C800002004ED00E02DE9FC4716
:10CC200005460E4617469846DDF828903020FDF759
:10CC300071FF044654B143463A4631462846CDE991
:10CC40000094FDF7A4FC002084F82C002046BDE8E9
:10CC5000FC872DE9FC4706460F4690469946DDE9DC
:10CC60000AA5302001900198302801D1012000E070
:10CC7000002050B900BF502080F31188BFF34F8FC0
:10CC8000BFF36F8F00BF00BFFEE755B900BF502054
:10CC900080F31188BFF34F8FBFF36F8F00BF00BFCA
:10CCA000FEE72C4654B14B46424639463046CDE964
:10CCB00000A4FDF76CFC012084F82C002046BDE8A0
:10CCC000FC87000010B586B00024FDF7A3FA1648D3
:10CCD0000068D0B100200590049003AA04A905A81B
:10CCE000FEF700FE0222DDE904100023CDE9002159
:10CCF00002900EA10F48039AFFF752FD0E490860FB
:10CD00000846006800B1012400BF54B900BF50209C
:10CD100080F31188BFF34F8FBFF36F8F00BF00BF49
:10CD2000FEE7204606B010BDEC000020546D7220D6
:10CD3000537663007DAA0008F00000202DE9FF472C
:10CD400004460D4616461F46DDF830804FF00009B8
:10CD500054B900BF502080F31188BFF34F8FBFF349
:10CD60006F8F00BF00BFFEE71448006810B3009546
:10CD700001960294062D15DAFFF76EFD022808D100
:10CD80000023424669460D480068FFF78DFA814648
:10CD900010E000231A46694608480068FFF784FA45
:10CDA000814607E000233A46694604480068FFF7D9
:10CDB0004FFB8146484604B0BDE8F087EC000020F8
:10CDC000F402010800000000000000000000000064
:10CDD0000000000000020000180000000000000039
:10CDE0000000000000030108000000000000000037
:10CDF0000000000000000000000200000A00000027
:10CE000000000000000000000C030108000000000A
:10CE10000000000000000000000000000002000010
:10CE2000280000000000000000000000900201083F
:10CE300000000000000000000000000000000000F2
:10CE400000000000BC02010800000000000000001B
:10CE500000000000E80201080000000000000000DF
:10CE600000000000D40201080100000000000000E2
:10CE700000000000AC0201080000000000000000FB
:10CE8000000000009C0201080000000000000000FB
:10CE900000000000C80201080000000000000000BF
:10CEA0000000000000000000000000000000000082
:10CEB000000000003F4000000000000000003000C3
:10CEC000400030004000000009000BC03D000BC0D6
:10CED0003D00090018C024407FE02240318000005E
:10CEE000180024C01B000D803240018003801C40CC
:10CEF00027401C8007400040100060000000000038
:10CF0000000000000000000000001F8020404020C2
:10CF10000000402020401F800000000009000600A3
:10CF20001F80060009000000040004003F80040088
:10CF3000040000000010006000000000000000007D
:10CF4000040004000400040004000000000000408D
:10CF50000000000000000000002001C006003800B2
:10CF6000400000001F802040204020401F80000023
:10CF7000000010403FC000400000000018C02140E9
:10CF800022402440184000001080204024402440CB
:10CF90001B80000002000D0011003FC00140000096
:10CFA0003C80244024402440238000001F802440F3
:10CFB00024403440038000003000200027C03800A7
:10CFC000200000001B802440244024401B800000DF
:10CFD0001C0022C0224022401F80000000000000F0
:10CFE0000840000000000000000000000460000095
:10CFF00000000000000004000A00110020804040F2
:10D000000900090009000900090000000000404073
:10D01000208011000A000400180020002340240092
:10D02000180000001F802040274029401F400000BA
:10D03000004007C039000F0001C0004020403FC041
:10D04000244024401B8000001F80204020402040BE
:10D050003080000020403FC0204020401F80000062
:10D0600020403FC024402E4030C0000020403FC040
:10D0700024402E00300000000F001080204022408D
:10D080003380020020403FC0040004003FC0204025
:10D09000204020403FC02040204000000060202071
:10D0A00020203FC02000200020403FC024400B0033
:10D0B00030C0204020403FC020400040004000C021
:10D0C0003FC03C0003C03C003FC0000020403FC0C8
:10D0D0000C4023003FC020001F8020402040204003
:10D0E0001F80000020403FC02440240018000000A2
:10D0F0001F802140214020E01FA0000020403FC0B1
:10D100002440260019C0004018C02440244022407A
:10D1100031800000300020403FC02040300000003F
:10D1200020003F80004000403F80200020003E0063
:10D1300001C0070038002000380007C03C0007C0CD
:10D1400038000000204039C0060039C020400000EF
:10D150002000384007C0384020000000304021C087
:10D160002640384020C00000000000007FE0402042
:10D1700040200000000070000C0003800040000010
:10D180000000402040207FE0000000000000200060
:10D1900040002000000000000010001000100010EF
:10D1A000001000100000000040000000000000001F
:10D1B000000002800540054003C0004020003FC041
:10D1C0000440044003800000000003800440044049
:10D1D0000640000000000380044024403FC000409F
:10D1E00000000380054005400340000000000440AB
:10D1F0001FC0244024402000000002E005500550DC
:10D200000650042020403FC00440040003C00040FA
:10D210000000044027C00040000000000010001083
:10D22000041027E00000000020403FC0014007003C
:10D2300004C00440204020403FC0004000400000A7
:10D2400007C0040007C0040003C00000044007C07A
:10D250000440040003C00040000003800440044078
:10D2600003800000041007F0045004400380000015
:10D27000000003800440045007F00010044007C081
:10D280000240040004000000000006400540054084
:10D2900004C00000000004001F80044000400000A3
:10D2A000040007800040044007C00040040007005D
:10D2B00004C0018006000400060001C0070001C090
:10D2C00006000000044006C0010006C00440000043
:10D2D0000410071004E00180060004000000044070
:10D2E00005C00640044000000000000004007BE090
:10D2F00040200000000000000000FFF000000000DF
:10D30000000040207BE0040000000000400080009E
:10D31000400020002000400000000000000000004D
:10D3200000000000000000000000000000001FCC12
:10D33000000C000000000000000008003000600049
:10D340000800300060000000022003FC1E200220C4
:10D3500003FC1E200220000000000E1811043FFFF5
:10D3600010840C78000000000F0010840F3800C0FB
:10D37000077818840078000000780F8410C4112406
:10D380000E9800E4008400080800680070000000A7
:10D39000000000000000000000000000000007E0A6
:10D3A0001818200440020000000040022004181851
:10D3B00007E00000000000000240024001800FF082
:10D3C00001800240024000000080008000800FF8D1
:10D3D00000800080008000000001000D000E0000B1
:10D3E00000000000000000000000008000800080BD
:10D3F00000800080008000800000000C000C000015
:10D40000000000000000000000000006001800609E
:10D410000180060018002000000007F00808100432
:10D420001004080807F000000000080408041FFCAE
:10D43000000400040000000000000E0C1014102472
:10D44000104411840E0C000000000C18100411048C
:10D45000110412880C700000000000E00320042476
:10D4600008241FFC0024000000001F9810841104F1
:10D470001104108810700000000007F008881104E3
:10D48000110418880070000000001C00100010FC3F
:10D4900013001C001000000000000E38114410841E
:10D4A000108411440E38000000000700088C10445E
:10D4B0001044088807F00000000000000000030C82
:10D4C000030C000000000000000000000001010645
:10D4D0000000000000000000000000800140022069
:10D4E000041008081004000002200220022002207C
:10D4F000022002200220000000001004080804108E
:10D50000022001400080000000000E001200100CFC
:10D51000106C10800F00000003E00C1813E41424BA
:10D5200017C4082807D000000004003C03C41C40B6
:10D53000074000E4001C000410041FFC1104110447
:10D5400011040E880070000003E00C181004100491
:10D55000100410081C10000010041FFC100410041C
:10D560001004080807F0000010041FFC1104110447
:10D5700017C410040818000010041FFC1104110047
:10D5800017C010000800000003E00C18100410047D
:10D5900010441C780040000010041FFC1084008020
:10D5A000008010841FFC10040000100410041FFCF5
:10D5B000100410040000000000030001100110011D
:10D5C0001FFE10001000000010041FFC1104038057
:10D5D0001464181C1004000010041FFC1004000444
:10D5E00000040004000C000010041FFC1F0000FCDD
:10D5F0001F001FFC1004000010041FFC0C0403009B
:10D6000000E010181FFC100007F0080810041004B8
:10D610001004080807F0000010041FFC108410809C
:10D62000108010800F00000007F00818102410244C
:10D63000101C080A07F2000010041FFC110411005E
:10D6400011C011300E0C000400000E1C11041084D7
:10D65000108410441C3800001800100010041FFC37
:10D66000100410001800000010001FF8100400043F
:10D67000000410041FF8100010001E0011E0001C30
:10D68000007013801C0010001FC0103C00E01F0041
:10D6900000E0103C1FC000001004180C163401C03C
:10D6A00001C01634180C100410001C00130400FCF8
:10D6B00013041C00100000000804101C10641084E7
:10D6C00013041C04101800000000000000007FFE7E
:10D6D0004002400240020000000030000C000380C5
:10D6E0000060001C000300000000400240024002F5
:10D6F0007FFE00000000000000000000200040004D
:10D700004000400020000000000100010001000175
:10D710000001000100010001000040004000200065
:10D7200000000000000000000000009801240144F7
:10D730000144014400FC000410001FFC00880104A7
:10D7400001040088007000000000007000880104DF
:10D75000010401040088000000000070008801043A
:10D76000010411081FFC0004000000F801440144FA
:10D770000144014400C800000000010401040FFC42
:10D780001104110411001800000000D6012901291C
:10D79000012901C90106000010041FFC00840100DA
:10D7A0000100010400FC000400000104190419FC3C
:10D7B000000400040000000000000003000101015B
:10D7C000190119FE0000000010041FFC0024004095
:10D7D00001B4010C010400000000100410041FFC3F
:10D7E0000004000400000000010401FC0104010029
:10D7F00001FC0104010000FC010401FC00840100A3
:10D800000100010400FC0004000000F80104010410
:10D810000104010400F80000010101FF008501047A
:10D8200001040088007000000000007000880104FE
:10D830000104010501FF00010104010401FC008451
:10D840000104010001800000000000CC012401243B
:10D85000012401240198000000000100010007F8E4
:10D860000104010400000000010001F800040004AC
:10D870000004010801FC0004010001800170000C9B
:10D88000001001600180010001F0010C003001C0B6
:10D890000030010C01F0010000000104018C007453
:10D8A0000170018C01040000010101810171000E71
:10D8B000001801600180010000000184010C0134A6
:10D8C00001440184010C0000000000000000000081
:10D8D00001003EFC40024002000000000000000089
:10D8E000FFFF0000000000000000400240023EFC7C
:10D8F00001000000000000000000600080008000C7
:10D900004000400020002000000000000000000057
:10D910000000000000000000000000000000000007
:10D9200000000000000000000000000000000000F7
:10D9300000000000000000000000000F80380FFE13
:10D94000380F8038000000000000000000000000D8
:10D950000000000000000100000600000C0000387C
:10D9600000003100000600000C000038000030000C
:10D97000000000000000000061800067F807F980E7
:10D980000061800061800061800061800067F807AD
:10D99000F98000618000000000000000000001C06C
:10D9A000E003E0F00630080418081FFFFE040E082C
:10D9B0000787F00381E000000000000001F000068E
:10D9C0000C00040408060C7001F9C0000E00003BB6
:10D9D000E000EC18070808040C180003E000000041
:10D9E0000001E00007F003F818041C0804170807FA
:10D9F000E1D003C0E00023B0003C08002008000094
:10DA000010000000000000010000310000320000A2
:10DA10001C000000000000000000000000000000EA
:10DA200000000000000000000000000000000000F6
:10DA300000000000000000007F0001FFC00780F030
:10DA40000C0018100004200002000000000000205C
:10DA500000021000040C00180780F001FFC0007FD6
:10DA600000000000000000000000000000000000B6
:10DA7000000000004200006600006600003C00005C
:10DA8000180003FFC0001800003C0000660000669C
:10DA9000000042000000000008000008000008002C
:10DAA00000080000080001FFC00008000008000096
:10DAB000080000080000080000000000000100004D
:10DAC0003100003200001C000000000000000000D7
:10DAD0000000000000000000000000000000000046
:10DAE0000800000800000800000800000800000806
:10DAF0000000080000080000080000080000000006
:10DB0000000000000000000038000038000038006D
:10DB10000000000000000000000000000000000005
:10DB20000000000000000000000600001C00007063
:10DB3000000180000E0000380000C0000700001C3B
:10DB40000000300000000000000000007F8001FFA6
:10DB5000E00380700600180400080400080600189E
:10DB600003807001FFE0007F8000000000000000E3
:10DB7000000001000801000801000803FFF807FF8A
:10DB8000F800000800000800000800000000000085
:10DB900000000001C03802C05804009804011804B5
:10DBA0000218040418061C1803F81801E0F8000015
:10DBB0000000000000000001C0E003C0F004000805
:10DBC00004080804080806180803F41801E7F00020
:10DBD00001E0000000000000000000000300000D54
:10DBE0000000110000610000810803010807FFF830
:10DBF0000FFFF8000108000108000000000000000D
:10DC000000E007FCD00608080610080610080610F9
:10DC100008061838060FF00607C0000000000000D4
:10DC2000000000003F8001FFE00384300208180478
:10DC30001008041008041008071810030FF000075C
:10DC4000C000000000000000000003C0000700004A
:10DC50000600000600F80607F806180006E00007B0
:10DC6000000006000000000000000001E1E003F7F2
:10DC7000F0063410041808041808040C08040C08F2
:10DC800006161803F3F001C1E000000000000000D8
:10DC9000F80003FC300306380402080402080402FA
:10DCA000080404100308F001FFC0007F000000001A
:10DCB0000000000000000000000000000000000064
:10DCC000703800703800703800000000000000005C
:10DCD0000000000000000000000000000000000044
:10DCE00000000000301A00301C000000000000009E
:10DCF000000000000000000000000000000000081C
:10DD0000000014000022000041000080800100405B
:10DD100002002004001008000800000000000000BD
:10DD2000210000210000210000210000210000212D
:10DD3000000021000021000021000021000000005F
:10DD4000000000000000080008040010020020018C
:10DD50000040008080004100002200001400000804
:10DD60000000000000000003C00004C00004000028
:10DD7000080038080F380808380810000C30000771
:10DD8000E00003C000000000000000003F8000FF32
:10DD9000E0038070020F1006708804C088048308B6
:10DDA000047F8802C09003012000FE4000000800AC
:10DDB00000180001F8003E0801C20007020007E257
:10DDC0000000FE00001FC80001F800003800000835
:10DDD00004000807FFF807FFF8040808040808040F
:10DDE000080804080806180803F41801E7F0000101
:10DDF000E0000000000000003F8001FFE0038070B1
:10DE000002001804000804000804000804001006BA
:10DE100000200780C000000004000807FFF807FF8B
:10DE2000F8040008040008040008040018020010A8
:10DE300003807001FFE0007F8000000004000807FD
:10DE4000FFF807FFF8040808040808040808040895
:10DE500008043E08040008060018010060000000E5
:10DE600004000807FFF807FFF80408080408000486
:10DE70000800040800043E000600000600000180BF
:10DE800000000000000000003F8001FFE003807000
:10DE90000600180400080402080402080203F00740
:10DEA00083F000020000020004000807FFF807FFEB
:10DEB000F804080800080000080000080000080036
:10DEC00004080807FFF807FFF80400080000000036
:10DED000000004000804000804000807FFF807FF1A
:10DEE000F804000804000804000800000000000016
:10DEF000000000000006000007000001040001040B
:10DF0000000104000307FFFE07FFFC0400000400FB
:10DF10000004000004000807FFF807FFF8040C08DD
:10DF2000001800003E0004C7800503C80600F8047E
:10DF3000003804001800000804000807FFF807FF75
:10DF4000F8040008000008000008000008000008AD
:10DF5000000008000018000060000000040008072E
:10DF6000FFF807800807FC00007FC00003F80007E7
:10DF7000C000780007800807FFF807FFF8040008D2
:10DF800004000807FFF807000803C00000E00000D5
:10DF90003800001E000007000001C00400F007FF69
:10DFA000F8040000000000007F8001FFE0038070A3
:10DFB00006001804000804000806001803003001D9
:10DFC000FFE0007F8000000004000807FFF807FF63
:10DFD000F804040804040004040004040004040019
:10DFE000060C0003F80001F0000000000000000033
:10DFF0007F8001FFE0038070060088040088040031
:10E00000C806003C03003E01FFE6007F84000000DC
:10E0100004000807FFF807FFF804080804080004D4
:10E020000C00040F00040BC00610F003F03801E0F0
:10E030000800000800000001E0F803F0300630108E
:10E04000041808041808040C08040C080206180236
:10E0500007F00781E00000000180000600000400D6
:10E060000004000004000807FFF807FFF804000898
:10E070000400000400000600000180000400000706
:10E08000FFE007FFF004001800000800000800008F
:10E090000800000800000804001007FFE00400006A
:10E0A00004000006000007E00007FE00041FE00077
:10E0B00001F80000380001E0043E0007C00006003F
:10E0C0000004000004000007E00007FFC0041FF880
:10E0D0000007C007F80007FF80043FF80007C004EE
:10E0E000F80007000004000000000004000806001B
:10E0F0001807C07805F1C8003E00001F800463E8DF
:10E100000780F8060018040008000000040000065C
:10E11000000007800007E008047C08001FF80007E3
:10E12000F800180804E008070000060000040000DA
:10E130000000000100080600380400F80403E804A9
:10E140000F08047C0805F00807C008070018040041
:10E15000600000000000000000000000000000005F
:10E160000000003FFFFE20000220000220000220ED
:10E170000002200002000000000000000000080073
:10E180000007000000C0000038000006000001C0C9
:10E1900000003000000E0000010000000000000040
:10E1A00000002000022000022000022000022000C7
:10E1B000023FFFFE00000000000000000000000021
:10E1C0000000000000000000000800001000003007
:10E1D00000002000003000001000000800000000D7
:10E1E000000000000000010000010000010000012B
:10E1F000000001000001000001000001000001001A
:10E20000000100000100000100000000000000000B
:10E21000002000002000001000001000000000009E
:10E2200000000000000000000000000000000000EE
:10E2300000F00019F8001B1800220800260800242E
:10E2400008002410003FF8001FF800000800001824
:10E2500000000004000007FFF80FFFF0001818008E
:10E260001008002008002008003018001FF0000FE0
:10E27000C00000000000000007C0001FF0001830C0
:10E28000002008002008002008003C08001C1000A6
:10E2900000600000000000000000000007C0001F38
:10E2A000F000381800200800200800200804101092
:10E2B00007FFF80FFFF00000100000000000000052
:10E2C00000000007C0001FF00012300022180022DA
:10E2D00008002208003208001E10000E2000000076
:10E2E00000000000200000200800200801FFF803C3
:10E2F000FFF8062008042008042008072000030077
:10E300000000000000000000000E000E6E001FF371
:10E310000031B10020B10020B1003191001F130085
:10E320002E1E00200E00300000000004000807FF31
:10E33000F80FFFF80010080020000020000020085F
:10E34000003FF8001FF80000080000000000000077
:10E350000000002008002008002008063FF8063FC3
:10E36000F80000080000080000080000000000009D
:10E370000000000000000000030000030020010076
:10E380002001002003063FFE063FFC0000000000C5
:10E390000000000000000004000807FFF80FFFF86D
:10E3A000000188000300002FC00038F8002038006A
:10E3B0002008000008000000000000000000040029
:10E3C0000804000804000807FFF80FFFF800000821
:10E3D0000000080000080000000000000020080005
:10E3E0003FF8003FF8001008002000003FF8003F11
:10E3F000F8001008002000003FF8003FF800000877
:10E40000000000002008003FF8003FF8001008005E
:10E410001000002000002008003FF8001FF8000056
:10E42000080000000000000007C0000FF0001830D6
:10E4300000300800200800200800300800183000D4
:10E440000FF00007C0000000000000002001003FA6
:10E45000FF003FFF001011002009002008002008E5
:10E46000003038001FF0000FC00000000000000066
:10E4700007C0001FF0003818002008002008002006
:10E4800009001011001FFF003FFF00000100000005
:10E49000002008002008002008003FF8003FF80096
:10E4A000080800100800200800200000300000309C
:10E4B00000000000000000000000000C78001E18A2
:10E4C000003308002308002108002188002198005B
:10E4D00030F0003860000000000000002000002044
:10E4E0000000200000FFF003FFF8002008002008D3
:10E4F00000200800003000000000000000000000C4
:10E500002000003FF0007FF8000018000008000025
:10E5100008002010003FF8007FF00000100000000D
:10E52000000000002000003000003C00003F8000A0
:10E5300023F0000078000070002380003C000030D1
:10E5400000002000002000003C00003FE00023F815
:10E550000000E0002700003E00003FE00021F8003E
:10E5600001E0003E00002000000000002008002024
:10E5700008003838003E680027800003C8002CF8E7
:10E5800000383800201800200800000000000000BB
:10E590002000003003003C01003F830023EC00001A
:10E5A00070002380003C00002000002000000000DC
:10E5B0000000000000000038080020380020F800AB
:10E5C00023E8002F88003E080038080020180000CB
:10E5D00070000000000000000000000000000000CB
:10E5E0000000000008000014001FF7FC30000620A7
:10E5F0000002000000000000000000000000000019
:10E6000000000000000000000000FFFFFF0000000D
:10E6100000000000000000000000000000000000FA
:10E6200000002000023000061FF7FC001400000864
:10E6300000000000000000000000000000000000DA
:10E6400000000018000060000040000040000020B2
:10E6500000001000000800000400000400000C008E
:10E66000001000000000000000000000000000009A
:10E67000000000000000000000000000000000009A
:10E68000000000000000000000000000000000008A
:10E69000000000000000000000000000000000007A
:10E6A000000000000000000000000000000000006A
:10E6B00000000000000000000000000007F000C0A3
:10E6C00007FFE1E007F001E0000000C000000000EB
:10E6D000000000000000000000000000000000003A
:10E6E000000000000000000000000000002000000A
:10E6F00001C00000078000001F0000001E00000095
:10E700001C20000001C00000078000001F00000066
:10E710001E0000001C0000000000000000000000BF
:10E72000000000000000000000180C0000180C00A1
:10E7300000180FE0001FFC0003F80C0000180C008C
:10E7400000180C0000180C0000180C0000180FE056
:10E75000001FFC0003F80C0000180C0000180C004F
:10E760000000000000000000000000000000078022
:10E77000007807C000FC0640010E002003070020BF
:10E78000020380200FFFFFFC0201C0200200E060B6
:10E790000130704001F03F8000F01F0000000000D9
:10E7A0000000000000FE000001FF000003018000E7
:10E7B00002008060030181C001FF070000FE180015
:10E7C0000000E0000003BF00000CFFC0007180608B
:10E7D00001C10020030180600000FFC000003F0075
:10E7E0000000000000001F0000007FC000FCC0C04F
:10E7F00001FF80600303E0200202782002061E2051
:10E8000003FC074001F00380000103C000011C600D
:10E810000001E02000010020000100400000018014
:10E820000000000000000000002000001C6000004C
:10E830001C4000001F8000000F00000000000000CE
:10E8400000000000000000000000000000000000C8
:10E8500000000000000000000000000000000000B8
:10E8600000000000000000000000000000000000A8
:10E870000000000000000000000000000000000098
:10E880000007F800003FFF00007807C001C000E06B
:10E89000030000300400000808000004100000021B
:10E8A000000000000000000010000002080000044A
:10E8B000040000080300003001C000E0007807C039
:10E8C000003FFF000007F80000000000000000000B
:10E8D0000000000000000000000000000000000038
:10E8E000000000000000000000000000000C180004
:10E8F000000E3800000E38000006300000036000F3
:10E900000061438000FFFF8000614300000360005E
:10E9100000063000000E3800000E3800000C180011
:10E920000000000000000000000000000000800067
:10E9300000008000000080000000800000008000D7
:10E9400000008000007FFF000000800000008000C9
:10E9500000008000000080000000800000008000B7
:10E96000000000000000000000000001000000E3C3
:10E97000000000E2000000FC000000780000000041
:10E980000000000000000000000000000000000087
:10E990000000000000000000000000000000000077
:10E9A0000000000000000000000080000000800067
:10E9B0000000800000008000000080000000800057
:10E9C0000000800000008000000080000000800047
:10E9D0000000800000008000000080000000800037
:10E9E000000000000000000000000000000000C067
:10E9F000000001E0000001E0000000C00000000095
:10EA00000000000000000000000000000000000006
:10EA100000000000000000000000000000000000F6
:10EA200000000000000000000000000C00000038A2
:10EA3000000000E00000038000000E00000038002D
:10EA40000000E00000038000000E0000003800001D
:10EA500000E00000038000000E000000180000002D
:10EA6000000000000000000000000000000FF8009F
:10EA7000007FFF0000F00780018000C003000060FD
:10EA800002000020020000200200002003000060BD
:10EA9000018000C000E00380007FFF00000FF8004D
:10EAA0000000000000000000000000000000000066
:10EAB0000080002000800020008000200080006096
:10EAC00001FFFFE003FFFFE0000000600000002006
:10EAD00000000020000000200000000000000000F6
:10EAE000000000000000000000000000007800E0CE
:10EAF00000980160010002600200046002000860EA
:10EB0000020010600200206002004060030080608C
:10EB10000183006001FE00E0007C0780000000002F
:10EB200000000000000000000000000000F007806E
:10EB300001F007C001000040020000200201002097
:10EB40000201002002010020030380200186804092
:10EB500001FCC0C000787F8000001E0000000000A3
:10EB60000000000000000000000008000000380065
:10EB7000000048000001880000060800000C081092
:10EB8000003008100040081001FFFFF003FFFFF005
:10EB900003FFFFF00000081000000810000008103C
:10EBA00000000000000000000000000000000780DE
:10EBB000001F864003E10020030200200304002020
:10EBC0000304002003040020030400200306004087
:10EBD000030301C00301FF8003007E00000000006A
:10EBE0000000000000000000000000000007FC0022
:10EBF000003FFF000070C380008180C00101006001
:10EC00000302002002020020020200200202002073
:10EC10000203004001C180C000C0FF8000007E00F0
:10EC200000000000000000000000000000F00000F4
:10EC300003C000000380000003000000030007E0A1
:10EC400003003FE00301C0000306000003180000BA
:10EC500003600000038000000300000000000000CB
:10EC6000000000000000000000001F0000783F804E
:10EC700000FC60C0018EC04003078020020300201A
:10EC800002018020020180200201C0200301E04037
:10EC9000018670C000FC3F8000781F00000000006B
:10ECA0000000000000000000003F000000FF81C0E5
:10ECB00001C0C1C00100602002002020020020200D
:10ECC0000200202002002060020040C00100C1803C
:10ECD00000C18F00007FFE00001FF0000000000058
:10ECE0000000000000000000000000000000000024
:10ECF000000000000000000000000000000300C051
:10ED0000000781E0000781E0000300C00000000070
:10ED100000000000000000000000000000000000F3
:10ED200000000000000000000000000000000000E3
:10ED30000000000000000000000000000006006667
:10ED40000006007800000000000000000000000045
:10ED500000000000000000000000000000000000B3
:10ED60000000000000000000000000000000800023
:10ED70000001C0000003600000063000000C180015
:10ED800000180C00003006000060030000C0018085
:10ED900001000040020000200400001000000000FC
:10EDA000000000000000000000041000000410003B
:10EDB0000004100000041000000410000004100003
:10EDC00000041000000410000004100000041000F3
:10EDD00000041000000410000004100000041000E3
:10EDE000000000000000000000000000040000100F
:10EDF000020000200100004000C00180006003000C
:10EE00000030060000180C00000C1800000630004E
:10EE1000000360000001C00000008000000000004E
:10EE2000000000000000000000000000007800006A
:10EE300001F800000238000002000000040000C0D9
:10EE4000040079E0040081E0040100C00403000034
:10EE5000020200000306000001FC000000F80000B0
:10EE60000000000000000000000FF800003FFE005E
:10EE70000070078000C000C00101F8400307FC20BB
:10EE8000021E04200230082002203020023FFC2015
:10EE9000013F044001800CC000E03180001FC2002F
:10EEA000000000000000002000000060000003E0FF
:10EEB00000003E200003E020003E200003E0200090
:10EEC0000380200007FC2000003FE0000003FE203C
:10EED00000003FE0000001E00000002000000020F2
:10EEE00000000000000000000200002002000020DE
:10EEF00003FFFFE003FFFFE002010020020100200A
:10EF00000201002002010020020100200303002072
:10EF10000186806001FCC0C000F87F8000001F00F7
:10EF200000000000000000000007F800003FFF00A4
:10EF30000070078000C000C00100004003000020F6
:10EF40000200002002000020020000200200002039
:10EF500001000040018000C003C0018000300600B5
:10EF6000000000000000000002000020020000205D
:10EF700003FFFFE003FFFFE002000020020000208B
:10EF80000200002002000020030000600100004099
:10EF9000018000C000F00780007FFE00000FF80035
:10EFA000000000000000000002000020020000201D
:10EFB00003FFFFE003FFFFE0020100200201002049
:10EFC0000201002002010020020100200203802033
:10EFD000020FE0200300006003C000E000600300B7
:10EFE00000000000000000000200002002000020DD
:10EFF00003FFFFE003FFFFE0020100200201002009
:10F0000002010000020100000201000002010000F4
:10F0100002038000030FE0000300000003C00000B3
:10F0200000600000000000000007F800003FFE0044
:10F030000070078001C001C00100004003000020F3
:10F040000200002002000020020000200100202019
:10F050000100204003C03F8000303F8000002000BE
:10F0600000002000020000200200002003FFFFE05B
:10F0700003FFFFE0020080200200802000008000EB
:10F08000000080000000800002008020020080203C
:10F0900003FFFFE003FFFFE002000020020000206A
:10F0A0000000000000000000000000000000000060
:10F0B00002000020020000200200002002000020C8
:10F0C00003FFFFE003FFFFE002000020020000203A
:10F0D00002000020020000200000000000000000EC
:10F0E00000000000000000000000000E0000000F03
:10F0F0000000000F000000010200000102000001FA
:10F10000020000030200000603FFFFFC03FFFFF8FC
:10F1100002000000020000000200000002000000E7
:10F12000000000000000000002000020020000209B
:10F1300003FFFFE003FFFFE00200C0200201002008
:10F1400000078000000FE0000030F80002603E2061
:10F1500003800F20030003E0020000E00200002013
:10F16000000000200000000002000020020000203B
:10F1700003FFFFE003FFFFE0020000200200002089
:10F1800000000020000000200000002000000020FF
:10F190000000002000000060000000E0000003000C
:10F1A00000000000020000200200002003FFFFE03A
:10F1B00003E0002003FF0020001FF0000001FF809B
:10F1C00000000FE000001E000003E000003E0020F1
:10F1D00003E0002003FFFFE003FFFFE00200002048
:10F1E00002000020020000200200002003FFFFE0D8
:10F1F0000380002003F0002000FC0000001F00003E
:10F200000007C0000001F00000007C0002001F8029
:10F21000020007E003FFFFE0020000000200000020
:10F220000000000000000000000FF800003FFE009A
:10F2300000F00780018000C00100004002000020B3
:10F240000200002002000020020000200100004017
:10F25000018000C000F00380003FFE00000FF800B6
:10F26000000000000000000002000020020000205A
:10F2700003FFFFE003FFFFE0020080200200802088
:10F280000200800002008000020080000200800076
:10F29000030180000183000000FE0000007C0000EC
:10F2A0000000000000000000000FF800007FFF00D9
:10F2B00000F00380018001C001000640020004202C
:10F2C0000200042002000620020003E0010000F812
:10F2D0000180005C00E0038C003FFF0C000FFC1875
:10F2E00000000000000000000200002002000020DA
:10F2F00003FFFFE003FFFFE0020100200201002006
:10F30000020180000201E0000201FC0003033F80D3
:10F31000018607E001FC00E000F80020000000206A
:10F32000000000000000000000000000007806005F
:10F3300000FE01E0018600C003030040020300203C
:10F3400002018020020180200201C0200200C020B2
:10F350000100E060018070C003E03F8000001F00FA
:10F3600000000000000000000060000003800000BA
:10F370000300000002000000020000200200002044
:10F3800003FFFFE003FFFFE0020000200200002077
:10F3900002000000020000000380000000E0000006
:10F3A00000000000020000000200000003FFFF0058
:10F3B00003FFFFC0020000400200006000000020C8
:10F3C000000000200000002000000020020000409B
:10F3D0000200008003FFFF000200000002000000A6
:10F3E0000000000000000000020000000200000019
:10F3F00003C0000003FC0000023FC0000003F8004F
:10F4000000007F80000007E0000007800000780017
:10F410000203C000023C000003C000000200000024
:10F42000020000000200000003C0000003FF800093
:10F43000023FFE0002007FE000000F000200F0002B
:10F4400003EF000003FF8000020FFE0000003FE01A
:10F4500000001F000207E00003F8000003000000A6
:10F460000200000000000000020000200200002056
:10F47000038000E003F0032002FC0C20021F300098
:10F480000007C0000007F00002187C0002601F2087
:10F49000038003E0020000E00200002000000020E2
:10F4A0000000000000000000020000000300000057
:10F4B00003C0000003F80000023E0020020FC0203D
:10F4C0000001FFE000007FE000038020021C00201C
:10F4D0000270000003800000020000000200000033
:10F4E000000000000000000000000020006000E0BC
:10F4F000038003E003000FA002003E200200F8207A
:10F500000203E020020F8020023E0020027800204B
:10F5100003E00060038000E0020003000000000040
:10F5200000000000000000000000000000000000DB
:10F530000000000000000000000000001FFFFFFCB2
:10F54000100000041000000410000004100000046B
:10F55000100000041000000410000004000000006F
:10F56000000000000000000000000000000000009B
:10F570000700000003C0000000780000001E00002B
:10F580000003C0000000F00000001E000000078023
:10F59000000000F00000003C000000060000000039
:10F5A0000000000000000000000000001000000447
:10F5B00010000004100000041000000410000004FB
:10F5C00010000004100000041FFFFFFC00000000FA
:10F5D000000000000000000000000000000000002B
:10F5E000000000000000000000000000000000001B
:10F5F00000000000020000000400000008000000FD
:10F6000018000000100000001800000018000000A2
:10F6100004000000020000000000000000000000E4
:10F6200000000000000000010000000100000001D7
:10F6300000000001000000010000000100000001C6
:10F6400000000001000000010000000100000001B6
:10F6500000000001000000010000000100000001A6
:10F660000000000100000000000000000000000099
:10F670001000000010000000100000001800000042
:10F68000080000000400000000000000000000006E
:10F69000000000000000000000000000000000006A
:10F6A00000000000000000000000038000018FC087
:10F6B00000038C60000618200004102000041020B5
:10F6C0000004202000042040000620400003FFC06A
:10F6D0000001FFE00000002000000020000000C04A
:10F6E0000000000000000000020000000200000016
:10F6F00003FFFFE007FFFFC0000180C000020060C1
:10F70000000200200004002000040020000400206B
:10F7100000060040000300C00001FF800000FE0062
:10F7200000000000000000000000000000007E005B
:10F730000001FF80000381C000020040000600209D
:10F740000004002000040020000400200006002027
:10F750000003C0400001C080000003000000000062
:10F7600000000000000000000000000000007E001B
:10F770000001FF80000380C000060060000400203C
:10F780000004002000040020020400400202008067
:10F7900003FFFFE007FFFFC0000000400000004043
:10F7A00000000000000000000000000000007E00DB
:10F7B0000001FF80000311C000021040000410602F
:10F7C0000004102000041020000410200006102067
:10F7D000000310400001F0C00000710000000000B4
:10F7E0000000000000000000000000000004000015
:10F7F000000400200004002000040020007FFFE03F
:10F8000001FFFFE0010400200304002002040020A7
:10F8100002040020020400000200000001C00000F9
:10F8200001C0000000000000000000000000001CFB
:10F830000000E33E0003FFC200020CC3000404C149
:10F84000000404C1000404C1000404C100060CC18A
:10F850000003F8C30005F0620006007E0006003CCD
:10F860000000000000000000020000200200002054
:10F8700003FFFFE007FFFFE000010020000200207F
:10F880000006000000040000000400000004002046
:10F89000000600200003FFE00001FFE00000002060
:10F8A0000000002000000000000000000000000038
:10F8B00000040020000400200004002000040020B8
:10F8C0000387FFE0038FFFE003800020000000209B
:10F8D00000000020000000200000000000000000E8
:10F8E0000000000000000000000000000000000018
:10F8F00000000006000000070000000100000001F9
:10F9000000040001000400010004000300040006DC
:10F910000387FFFC038FFFF8038000000000000056
:10F920000000000000000000020000200200002093
:10F9300003FFFFE007FFFFE00000082000001020A9
:10F94000000030000000FC0000058E00000707A04A
:10F95000000601E0000400E0000400200000002098
:10F960000000000000000000000000000000000097
:10F9700002000020020000200200002002000020FF
:10F9800003FFFFE007FFFFE0000000200000002071
:10F990000000002000000020000000000000000027
:10F9A0000000000000000000000400200007FFE04D
:10F9B000000FFFE00002002000040000000400200F
:10F9C0000007FFE00003FFE0000200200004000049
:10F9D000000400200007FFE00003FFE0000000201B
:10F9E00000000000000000000004002000040020CF
:10F9F0000007FFE0000FFFE00001002000020020F0
:10FA000000020000000400000004000000040020C8
:10FA1000000600200003FFE00001FFE000000020DE
:10FA200000000020000000000000000000007E0038
:10FA30000000FF80000381C000020040000600209B
:10FA40000004002000040020000400200006002024
:10FA500000020040000381C00001FF8000007E0022
:10FA6000000000000000000000040001000400018C
:10FA70000007FFFF000FFFFF000100C1000200416F
:10FA800000040020000400200004002000040020E6
:10FA900000060040000301C00001FF8000007E005E
:10FAA00000000000000000000000000000007E00D8
:10FAB0000001FF80000380C00002006000040020FD
:10FAC0000004002000040020000400200002004187
:10FAD000000300C10003FFFF0007FFFF000000015B
:10FAE00000000001000000000004002000040020CD
:10FAF0000004002000040020000FFFE0000FFFE0E2
:10FB00000000C020000100200002002000060020AC
:10FB100000040000000400000007000000030000D3
:10FB2000000000000000000000000000000003E0F2
:10FB30000001C0E00003E040000630200004302057
:10FB400000041820000418200004182000040C20D1
:10FB500000020C60000307C0000783800000000063
:10FB60000000000000000000000000000004000091
:10FB70000004000000040000000C0000001FFF80D3
:10FB800000FFFFC00004006000040020000400200B
:10FB9000000400200004004000000180000000007C
:10FBA000000000000000000000040000000400004D
:10FBB0000007FF80000FFFC0000000600000002071
:10FBC0000000002000000020000000200004004091
:10FBD000000400800007FFE0000FFFC000000040AD
:10FBE00000000040000000000004000000040000CD
:10FBF000000780000007F0000004FE0000041FC0A2
:10FC0000000003E00000038000001C00000460000E
:10FC10000007800000060000000400000000000053
:10FC20000000000000040000000600000007C00003
:10FC30000007FC0000043F80000003E000040F8088
:10FC40000006F0000007F0000007FF8000040FE04E
:10FC50000000038000043C000007C0000006000014
:10FC6000000400000000000000000020000400204C
:10FC700000040060000700E0000783200007E600A2
:10FC80000004F80000003C0000045E20000587A08E
:10FC9000000601E0000400600004002000000020D5
:10FCA0000000000000000000000400000004000349
:10FCB000000700030007E0010004F80100041F0230
:10FCC000000007FC000000E000000700000438000E
:10FCD0000007C0000006000000040000000400004F
:10FCE000000000000000000000000000000780602D
:10FCF000000600E0000403E0000407A000040E205A
:10FD000000043C20000470200005E0200007802053
:10FD100000070060000400E0000003800000000015
:10FD200000000000000000000000000000000000D3
:10FD300000000000000000000000000000000000C3
:10FD400000008000000080000001400007FE3FF836
:10FD50000800000410000002100000020000000073
:10FD60000000000000000000000000000000000093
:10FD70000000000000000000000000000000000083
:10FD800000000000FFFFFFFF000000000000000077
:10FD90000000000000000000000000000000000063
:10FDA0000000000000000000000000001000000241
:10FDB000100000020800000407FE3FF800014000A8
:10FDC0000000800000008000000000000000000033
:10FDD0000000000000000000000000000000000023
:10FDE00000000000000000001800000030000000CB
:10FDF0004000000040000000400000002000000023
:10FE000030000000080000000400000002000000B4
:10FE100002000000020000000C00000018000000BA
:10FE200000000000000000000000000800001800B2
:10FE3000101806601806C01803C01801809800004A
:10FE40005800F8FF3F0000180000180000180000DC
:10FE500018F0FF1F0000180000180000180000181C
:10FE6000FCFF1F00001800001800000000000080C8
:10FE70000000008101008300004210FEFF3F0000EF
:10FE800000000004F0470C10C40C10440C10440C8B
:10FE9000F0470C10440C10440C10440CF0470C10AC
:10FEA000440C10C40C10040C10840C9007071002B2
:10FEB000020000000000000000000000000000023E
:10FEC000F0FF0730000230000230400230600230A4
:10FED000210230320230140230180230180230345D
:10FEE0000210620610C14690C04450004C28002801
:10FEF000080038040070020040000000000000000C
:10FF00000800001000001000F0FF1F300008300053
:10FF100008F0FF0F300008300000F0FF1F30181805
:10FF2000B05818309919101B19101919101C1E18E7
:10FF30009B19C8F818485818041818040E0E02081F
:10FF40000C00000000000020000160000120800182
:10FF5000208010FEFF3F10800010C000D8C0004875
:10FF6000402048FE3FFC670040200040F00F40204A
:10FF70001C400704F000064E100240600140800162
:10FF800040000740000640000400000000000000A0
:10FF90000000004000004000184010B0FF3F30401B
:10FFA0000000400000FE1F0046087E46082046086C
:10FFB00020FE0F20660820700020D00320480E206D
:10FFC0004418204310D840008C4000040F7800F8FB
:10FFD0001F00000000000000000010F803201806B9
:10FFE0006018026018020008020008020004027E85
:10FFF000067E200104A0FC0F20080420100620101B
:020000040801F1
:100000000620200220220120C101A0C00060600360
:1000100060180E000638800100000000000000009B
:100020000000F0FF0F104208104208104208F0FFD5
:100030000F100808000808F8FF1F000802C0FF079B
:10004000400002400002C0FF03400002C0FF034026
:100050000002C0FF03400002400022FEFF7F0000BC
:1000600000000000000000202000202000202000D0
:1000700020200020FE1F202008E02008A8210824BE
:100080002108242008262028A0FF7F20A00020B0DF
:1000900000209000201001201801200802200406F2
:1000A00020021C200178E000100000000000001079
:1000B000000030FC0F30040C30FC0F70040CB4FC5A
:1000C0000FB4040434000034FF3F361123301123F1
:1000D00030112330FF3F30010030FE0F3008043074
:1000E000100630200330C00130E00130187E900748
:1000F00010000000000000002000606000204010A0
:10010000A0FF3F30000010FC07300404180404185E
:10011000FC0714040414FF3F92001090001010FE1E
:100120000F10C00010C00010C00010C00010C000B0
:1001300010C00010700010600000000000000020DF
:10014000000060000020F807201802201802201884
:1001500002FE1B02201802201802701802B01902B9
:10016000301B02301A022818022818022408022420
:100170000802220C2220042260062260026660012E
:100180003EA0000000000020000060400020800130
:1001900020800020FC3FFE05302026102060032038
:1001A000300C201918A004107002102EFC0F26C06D
:1001B0000020C00020C00020C00020C00020C000DF
:1001C00020FF3F3C00001000000000000000008005
:1001D0000010800110800010900010980813F81F84
:1001E00011880011840011FE3F1180001180001160
:1001F000F81F1188101188101188101188101188AB
:100200001010881E1088081080001080001E8000CA
:10021000080000000E00B5B100C7B001B7E702C981
:10022000C803D7AA04CBD905C9E806D6C307BFECD3
:1002300008C2FD09CDA30ABBFA0BBFD80CD6C60D68
:100240000E00030009000F0015001B0050815881AB
:1002500060816881708178818081888190819881B6
:100260001803010802030405060708090A0B0C0D10
:100270000E0F10100102000000000000000001023B
:10028000030406070809000000000102030400003F
:100290006D79517565756530310000006D79436F7A
:1002A000756E74696E6753656D3031006D794269A2
:1002B0006E61727953656D30310000006D7954695B
:1002C0006D657230310000006D794576656E743071
:1002D000310000006D795265637572736976654D02
:1002E00075746578303100006D794D7574657830BE
:1002F0003100000064656661756C745461736B0055
:100300006D795461736B5573617274006D795461CA
:10031000736B4B6579000000506C656173652075E7
:10032000736520746865207374796C757320636CD1
:1003300069636B207468652063726F7373206F6EDE
:10034000207468652073637265656E2E546865203D
:1003500063726F73732077696C6C20616C7761795D
:1003600073206D6F766520756E74696C2074686596
:100370002073637265656E2061646A7573746D6560
:100380006E7420697320636F6D706C657465642E84
:1003900000000000B4030108000000202401000058
:1003A000624B0008D804010824010020941F0000BB
:1003B000724B000800000000000000000000000078
:1003C000000000000000000000000000000000002D
:1003D000000000000000000000000000000000001D
:1003E000000000000000000000000000000000000D
:1003F000000000000000000000F80000FFFF000007
:100400000100050079B200080DB70008A1AC000892
:1004100000000000000000000000000000000000DC
:1004200000000000000000000000000000000000CC
:1004300000000000000000000000000000000000BC
:1004400000000000000000000000000000000000AC
:10045000100000000100000000127A0000000000FF
:10046000000000000000000000000000000000008C
:10047000000000000000000000000000000000007C
:10048000000000000000000000000000000000006C
:10049000000000000000000000000000000000005C
:1004A000000000000000000000000000000000004C
:1004B000000000000000000000000000000000003C
:1004C0000000000000000000AAAAAAAA0000000084
:0804D000000000000000000024
:0400000508000131BD
:00000001FF
